Symbol,DateTime,Open,High,Low,Close,Volume
NSE:TATASTEEL,2020-01-01T00:00:00.000000Z,47.3,47.65,46.48,46.78,121005300
NSE:TATASTEEL,2020-01-02T00:00:00.000000Z,47.2,48.78,47.2,48.49,216749610
NSE:TATASTEEL,2020-01-03T00:00:00.000000Z,48.3,48.62,47.94,48.37,129568630
NSE:TATASTEEL,2020-01-06T00:00:00.000000Z,48.0,48.0,47.06,47.33,96016080
NSE:TATASTEEL,2020-01-07T00:00:00.000000Z,47.55,48.46,47.35,47.61,131957880
NSE:TATASTEEL,2020-01-08T00:00:00.000000Z,47.17,47.81,46.7,47.53,133048410
NSE:TATASTEEL,2020-01-09T00:00:00.000000Z,48.5,48.6,47.91,48.31,101311520
NSE:TATASTEEL,2020-01-10T00:00:00.000000Z,48.55,49.38,48.0,48.62,159276340
NSE:TATASTEEL,2020-01-13T00:00:00.000000Z,49.11,49.7,48.78,49.58,109427500
NSE:TATASTEEL,2020-01-14T00:00:00.000000Z,49.65,50.6,49.58,49.86,156608220
NSE:TATASTEEL,2020-01-15T00:00:00.000000Z,49.19,50.35,48.92,50.21,121179480
NSE:TATASTEEL,2020-01-16T00:00:00.000000Z,50.2,50.4,49.21,49.44,104383690
NSE:TATASTEEL,2020-01-17T00:00:00.000000Z,49.33,49.89,49.19,49.53,56824600
NSE:TATASTEEL,2020-01-20T00:00:00.000000Z,49.7,49.98,48.92,49.06,72918780
NSE:TATASTEEL,2020-01-21T00:00:00.000000Z,48.78,48.78,47.35,47.62,113158030
NSE:TATASTEEL,2020-01-22T00:00:00.000000Z,47.87,47.99,47.32,47.51,76621710
NSE:TATASTEEL,2020-01-23T00:00:00.000000Z,47.59,48.19,47.31,48.03,72000200
NSE:TATASTEEL,2020-01-24T00:00:00.000000Z,48.03,48.51,47.65,48.34,74811300
NSE:TATASTEEL,2020-01-27T00:00:00.000000Z,47.78,47.78,46.01,46.24,129631190
NSE:TATASTEEL,2020-01-28T00:00:00.000000Z,46.0,46.2,44.2,44.62,180152830
NSE:TATASTEEL,2020-01-29T00:00:00.000000Z,45.28,45.97,44.96,45.22,110818340
NSE:TATASTEEL,2020-01-30T00:00:00.000000Z,45.19,45.44,44.14,44.85,146520160
NSE:TATASTEEL,2020-01-31T00:00:00.000000Z,45.3,45.42,43.65,43.87,107387270
NSE:TATASTEEL,2020-02-03T00:00:00.000000Z,41.8,43.9,41.66,43.6,162371260
NSE:TATASTEEL,2020-02-04T00:00:00.000000Z,44.2,45.34,43.35,45.19,133362630
NSE:TATASTEEL,2020-02-05T00:00:00.000000Z,45.22,47.97,44.8,47.51,160567650
NSE:TATASTEEL,2020-02-06T00:00:00.000000Z,47.8,48.72,47.16,47.76,166660740
NSE:TATASTEEL,2020-02-07T00:00:00.000000Z,47.57,47.97,46.88,47.1,116499090
NSE:TATASTEEL,2020-02-10T00:00:00.000000Z,46.03,46.33,44.0,44.38,267960480
NSE:TATASTEEL,2020-02-11T00:00:00.000000Z,44.83,45.77,44.27,44.41,168243710
NSE:TATASTEEL,2020-02-12T00:00:00.000000Z,45.0,45.45,44.26,44.79,117858580
NSE:TATASTEEL,2020-02-13T00:00:00.000000Z,44.88,45.17,43.94,44.12,99652210
NSE:TATASTEEL,2020-02-14T00:00:00.000000Z,44.1,44.56,43.33,43.46,94848170
NSE:TATASTEEL,2020-02-17T00:00:00.000000Z,43.55,44.09,43.3,43.69,97247650
NSE:TATASTEEL,2020-02-18T00:00:00.000000Z,43.4,43.51,42.13,43.14,115024230
NSE:TATASTEEL,2020-02-19T00:00:00.000000Z,43.65,43.85,42.81,43.32,84651090
NSE:TATASTEEL,2020-02-20T00:00:00.000000Z,42.9,44.77,42.8,44.35,129802370
NSE:TATASTEEL,2020-02-24T00:00:00.000000Z,43.49,43.49,41.33,41.54,175231420
NSE:TATASTEEL,2020-02-25T00:00:00.000000Z,41.9,42.56,41.44,42.13,145581760
NSE:TATASTEEL,2020-02-26T00:00:00.000000Z,41.13,41.94,41.13,41.63,142707060
NSE:TATASTEEL,2020-02-27T00:00:00.000000Z,41.49,41.59,40.71,41.28,102263790
NSE:TATASTEEL,2020-02-28T00:00:00.000000Z,39.87,39.9,37.5,38.17,245328330
NSE:TATASTEEL,2020-03-02T00:00:00.000000Z,39.37,39.4,35.8,36.4,202207720
NSE:TATASTEEL,2020-03-03T00:00:00.000000Z,37.35,39.1,37.01,38.76,186489330
NSE:TATASTEEL,2020-03-04T00:00:00.000000Z,38.81,38.99,36.51,37.72,229371480
NSE:TATASTEEL,2020-03-05T00:00:00.000000Z,38.4,38.78,37.43,37.58,146284680
NSE:TATASTEEL,2020-03-06T00:00:00.000000Z,35.69,35.83,34.67,35.15,148481880
NSE:TATASTEEL,2020-03-09T00:00:00.000000Z,33.75,33.77,31.98,32.23,204221360
NSE:TATASTEEL,2020-03-11T00:00:00.000000Z,32.4,32.6,29.61,29.98,286928700
NSE:TATASTEEL,2020-03-12T00:00:00.000000Z,27.5,29.18,26.72,28.75,437671340
NSE:TATASTEEL,2020-03-13T00:00:00.000000Z,27.0,33.21,25.53,32.67,338414370
NSE:TATASTEEL,2020-03-16T00:00:00.000000Z,30.4,31.76,28.71,28.96,236054820
NSE:TATASTEEL,2020-03-17T00:00:00.000000Z,30.0,30.76,28.05,28.27,206539390
NSE:TATASTEEL,2020-03-18T00:00:00.000000Z,29.0,29.32,27.57,28.08,187721700
NSE:TATASTEEL,2020-03-19T00:00:00.000000Z,26.9,28.45,26.05,27.18,187219810
NSE:TATASTEEL,2020-03-20T00:00:00.000000Z,27.97,30.5,27.42,29.77,173077660
NSE:TATASTEEL,2020-03-23T00:00:00.000000Z,26.8,27.8,25.35,27.11,121004020
NSE:TATASTEEL,2020-03-24T00:00:00.000000Z,27.7,28.57,25.86,27.19,129288020
NSE:TATASTEEL,2020-03-25T00:00:00.000000Z,26.7,29.5,26.7,28.68,94428290
NSE:TATASTEEL,2020-03-26T00:00:00.000000Z,29.0,29.55,28.01,28.44,114938330
NSE:TATASTEEL,2020-03-27T00:00:00.000000Z,29.1,29.52,27.42,27.73,111835940
NSE:TATASTEEL,2020-03-30T00:00:00.000000Z,26.7,27.08,25.08,25.41,158537210
NSE:TATASTEEL,2020-03-31T00:00:00.000000Z,26.23,27.25,25.97,26.96,157868130
NSE:TATASTEEL,2020-04-01T00:00:00.000000Z,26.6,26.8,25.81,26.64,119647990
NSE:TATASTEEL,2020-04-03T00:00:00.000000Z,26.77,26.89,25.1,25.38,125266950
NSE:TATASTEEL,2020-04-07T00:00:00.000000Z,26.6,27.77,26.12,27.62,159566590
NSE:TATASTEEL,2020-04-08T00:00:00.000000Z,27.1,29.29,26.67,27.48,204349980
NSE:TATASTEEL,2020-04-09T00:00:00.000000Z,28.05,28.96,27.76,28.49,138556280
NSE:TATASTEEL,2020-04-13T00:00:00.000000Z,28.5,29.2,27.39,28.25,155103280
NSE:TATASTEEL,2020-04-15T00:00:00.000000Z,28.74,29.57,28.19,28.51,209917430
NSE:TATASTEEL,2020-04-16T00:00:00.000000Z,27.6,29.19,27.6,28.89,172487980
NSE:TATASTEEL,2020-04-17T00:00:00.000000Z,29.75,29.97,28.55,29.33,174923730
NSE:TATASTEEL,2020-04-20T00:00:00.000000Z,29.48,29.5,28.51,28.64,119607480
NSE:TATASTEEL,2020-04-21T00:00:00.000000Z,28.0,28.1,26.33,26.59,169249100
NSE:TATASTEEL,2020-04-22T00:00:00.000000Z,26.61,26.99,25.92,26.83,147898560
NSE:TATASTEEL,2020-04-23T00:00:00.000000Z,27.0,27.9,26.9,27.03,154678570
NSE:TATASTEEL,2020-04-24T00:00:00.000000Z,26.63,27.39,26.44,26.75,123808460
NSE:TATASTEEL,2020-04-27T00:00:00.000000Z,27.4,27.69,27.05,27.17,124106120
NSE:TATASTEEL,2020-04-28T00:00:00.000000Z,27.39,27.54,26.95,27.35,85471050
NSE:TATASTEEL,2020-04-29T00:00:00.000000Z,27.3,28.61,27.12,28.26,198765690
NSE:TATASTEEL,2020-04-30T00:00:00.000000Z,29.0,30.45,28.87,29.83,236333720
NSE:TATASTEEL,2020-05-04T00:00:00.000000Z,28.5,28.61,27.01,27.36,128914590
NSE:TATASTEEL,2020-05-05T00:00:00.000000Z,27.9,28.24,27.1,27.26,121823300
NSE:TATASTEEL,2020-05-06T00:00:00.000000Z,27.41,28.05,27.2,27.77,95077310
NSE:TATASTEEL,2020-05-07T00:00:00.000000Z,27.55,28.28,27.47,27.58,89583760
NSE:TATASTEEL,2020-05-08T00:00:00.000000Z,28.28,28.4,27.2,27.29,98777550
NSE:TATASTEEL,2020-05-11T00:00:00.000000Z,27.56,28.3,27.5,27.62,109074080
NSE:TATASTEEL,2020-05-12T00:00:00.000000Z,27.33,27.68,26.45,27.4,150402970
NSE:TATASTEEL,2020-05-13T00:00:00.000000Z,28.75,28.8,27.35,27.66,147231160
NSE:TATASTEEL,2020-05-14T00:00:00.000000Z,27.2,27.52,26.73,26.85,107969020
NSE:TATASTEEL,2020-05-15T00:00:00.000000Z,27.0,27.68,26.88,27.34,149896650
NSE:TATASTEEL,2020-05-18T00:00:00.000000Z,27.41,27.62,26.25,26.66,116153670
NSE:TATASTEEL,2020-05-19T00:00:00.000000Z,27.19,28.04,26.75,27.2,168970940
NSE:TATASTEEL,2020-05-20T00:00:00.000000Z,27.2,28.4,27.01,28.32,144218120
NSE:TATASTEEL,2020-05-21T00:00:00.000000Z,28.39,28.62,27.85,28.37,130358110
NSE:TATASTEEL,2020-05-22T00:00:00.000000Z,27.9,28.02,27.33,27.44,106567390
NSE:TATASTEEL,2020-05-26T00:00:00.000000Z,27.75,28.44,27.7,28.05,121075590
NSE:TATASTEEL,2020-05-27T00:00:00.000000Z,28.22,29.04,27.91,28.8,140074620
NSE:TATASTEEL,2020-05-28T00:00:00.000000Z,29.19,29.86,28.94,29.55,166019580
NSE:TATASTEEL,2020-05-29T00:00:00.000000Z,29.21,29.69,28.78,29.52,131279850
NSE:TATASTEEL,2020-06-01T00:00:00.000000Z,30.2,31.78,30.2,31.52,243843600
NSE:TATASTEEL,2020-06-02T00:00:00.000000Z,31.8,32.35,31.45,31.94,165626630
NSE:TATASTEEL,2020-06-03T00:00:00.000000Z,32.54,32.63,31.5,31.74,103869540
NSE:TATASTEEL,2020-06-04T00:00:00.000000Z,31.69,32.26,31.46,32.0,112512660
NSE:TATASTEEL,2020-06-05T00:00:00.000000Z,32.58,34.37,32.51,33.9,309184760
NSE:TATASTEEL,2020-06-08T00:00:00.000000Z,34.77,35.08,32.74,33.36,164816490
NSE:TATASTEEL,2020-06-09T00:00:00.000000Z,33.6,34.4,32.88,33.22,149268320
NSE:TATASTEEL,2020-06-10T00:00:00.000000Z,33.11,33.15,32.2,32.4,172188830
NSE:TATASTEEL,2020-06-11T00:00:00.000000Z,32.2,32.35,31.1,31.32,139066840
NSE:TATASTEEL,2020-06-12T00:00:00.000000Z,30.0,32.04,30.0,31.76,175578850
NSE:TATASTEEL,2020-06-15T00:00:00.000000Z,31.38,31.5,30.26,30.62,185810020
NSE:TATASTEEL,2020-06-16T00:00:00.000000Z,31.51,32.26,30.13,30.9,234418060
NSE:TATASTEEL,2020-06-17T00:00:00.000000Z,30.72,31.48,30.5,30.82,114470230
NSE:TATASTEEL,2020-06-18T00:00:00.000000Z,30.82,31.92,30.71,31.81,113692780
NSE:TATASTEEL,2020-06-19T00:00:00.000000Z,32.1,32.58,31.73,32.06,151342880
NSE:TATASTEEL,2020-06-22T00:00:00.000000Z,31.98,32.8,31.83,32.57,110312750
NSE:TATASTEEL,2020-06-23T00:00:00.000000Z,32.77,33.35,32.62,33.2,125450560
NSE:TATASTEEL,2020-06-24T00:00:00.000000Z,33.66,33.81,32.47,32.6,207826420
NSE:TATASTEEL,2020-06-25T00:00:00.000000Z,32.2,32.74,32.1,32.31,113456530
NSE:TATASTEEL,2020-06-26T00:00:00.000000Z,32.58,32.99,32.26,32.38,97063330
NSE:TATASTEEL,2020-06-29T00:00:00.000000Z,32.3,32.6,31.21,32.08,119611330
NSE:TATASTEEL,2020-06-30T00:00:00.000000Z,32.31,33.76,32.31,32.67,365236470
NSE:TATASTEEL,2020-07-01T00:00:00.000000Z,32.9,32.96,32.03,32.37,104894330
NSE:TATASTEEL,2020-07-02T00:00:00.000000Z,32.71,33.75,32.46,33.49,119713930
NSE:TATASTEEL,2020-07-03T00:00:00.000000Z,33.7,33.7,32.74,32.99,106126140
NSE:TATASTEEL,2020-07-06T00:00:00.000000Z,33.31,34.17,33.03,33.89,141439660
NSE:TATASTEEL,2020-07-07T00:00:00.000000Z,33.88,33.88,32.81,33.03,108393710
NSE:TATASTEEL,2020-07-08T00:00:00.000000Z,33.28,34.64,33.2,33.42,215601630
NSE:TATASTEEL,2020-07-09T00:00:00.000000Z,33.7,34.85,33.65,34.45,244037810
NSE:TATASTEEL,2020-07-10T00:00:00.000000Z,34.19,34.43,33.52,33.87,125261130
NSE:TATASTEEL,2020-07-13T00:00:00.000000Z,34.33,34.7,33.85,34.21,121150000
NSE:TATASTEEL,2020-07-14T00:00:00.000000Z,33.9,33.9,33.26,33.67,83070350
NSE:TATASTEEL,2020-07-15T00:00:00.000000Z,34.06,34.65,33.8,33.93,96874130
NSE:TATASTEEL,2020-07-16T00:00:00.000000Z,33.8,34.65,33.15,34.17,105860440
NSE:TATASTEEL,2020-07-17T00:00:00.000000Z,34.6,35.68,34.51,35.1,244153950
NSE:TATASTEEL,2020-07-20T00:00:00.000000Z,35.11,35.47,34.66,35.24,95320490
NSE:TATASTEEL,2020-07-21T00:00:00.000000Z,35.6,36.06,34.95,35.92,113681040
NSE:TATASTEEL,2020-07-22T00:00:00.000000Z,36.05,36.29,34.66,35.01,178429190
NSE:TATASTEEL,2020-07-23T00:00:00.000000Z,35.01,35.64,34.76,35.19,96250490
NSE:TATASTEEL,2020-07-24T00:00:00.000000Z,34.7,34.98,34.26,34.61,89188290
NSE:TATASTEEL,2020-07-27T00:00:00.000000Z,35.1,35.39,34.42,35.28,118356070
NSE:TATASTEEL,2020-07-28T00:00:00.000000Z,35.36,36.0,35.28,35.85,106392570
NSE:TATASTEEL,2020-07-29T00:00:00.000000Z,35.9,37.85,35.62,37.38,301158810
NSE:TATASTEEL,2020-07-30T00:00:00.000000Z,37.7,37.78,36.41,36.66,103982570
NSE:TATASTEEL,2020-07-31T00:00:00.000000Z,36.56,37.04,36.04,36.63,90249550
NSE:TATASTEEL,2020-08-03T00:00:00.000000Z,36.47,37.69,36.21,37.35,111369710
NSE:TATASTEEL,2020-08-04T00:00:00.000000Z,37.45,37.8,36.76,37.22,111842600
NSE:TATASTEEL,2020-08-05T00:00:00.000000Z,37.31,39.79,37.31,39.58,305597410
NSE:TATASTEEL,2020-08-06T00:00:00.000000Z,38.97,40.28,38.55,40.04,221228070
NSE:TATASTEEL,2020-08-07T00:00:00.000000Z,39.59,40.67,39.31,40.4,151763170
NSE:TATASTEEL,2020-08-10T00:00:00.000000Z,40.58,41.15,39.96,41.02,120182110
NSE:TATASTEEL,2020-08-11T00:00:00.000000Z,41.31,42.76,41.25,41.65,258851910
NSE:TATASTEEL,2020-08-12T00:00:00.000000Z,41.37,41.74,40.76,41.45,115744020
NSE:TATASTEEL,2020-08-13T00:00:00.000000Z,41.82,42.17,40.88,41.31,124220440
NSE:TATASTEEL,2020-08-14T00:00:00.000000Z,41.0,43.1,40.91,41.85,477423650
NSE:TATASTEEL,2020-08-17T00:00:00.000000Z,41.8,42.92,41.42,42.51,181455010
NSE:TATASTEEL,2020-08-18T00:00:00.000000Z,42.17,43.68,41.97,43.45,173400200
NSE:TATASTEEL,2020-08-19T00:00:00.000000Z,43.45,43.56,42.88,43.17,118436810
NSE:TATASTEEL,2020-08-20T00:00:00.000000Z,42.5,43.83,42.31,43.26,158466000
NSE:TATASTEEL,2020-08-21T00:00:00.000000Z,43.58,44.2,42.65,42.88,134818760
NSE:TATASTEEL,2020-08-24T00:00:00.000000Z,43.36,43.78,42.81,42.95,90928540
NSE:TATASTEEL,2020-08-25T00:00:00.000000Z,43.2,43.26,42.15,42.4,105529000
NSE:TATASTEEL,2020-08-26T00:00:00.000000Z,42.5,42.78,42.22,42.5,79571570
NSE:TATASTEEL,2020-08-27T00:00:00.000000Z,42.55,43.02,42.3,42.69,95491160
NSE:TATASTEEL,2020-08-28T00:00:00.000000Z,42.97,43.8,42.31,42.42,152112670
NSE:TATASTEEL,2020-08-31T00:00:00.000000Z,42.65,43.01,41.0,41.3,157459100
NSE:TATASTEEL,2020-09-01T00:00:00.000000Z,41.39,43.27,41.19,42.87,140728230
NSE:TATASTEEL,2020-09-02T00:00:00.000000Z,43.01,44.17,42.71,43.87,117392780
NSE:TATASTEEL,2020-09-03T00:00:00.000000Z,44.25,44.37,43.59,43.81,102142880
NSE:TATASTEEL,2020-09-04T00:00:00.000000Z,42.81,43.4,41.9,42.13,105290810
NSE:TATASTEEL,2020-09-07T00:00:00.000000Z,42.37,42.84,41.85,42.25,96263460
NSE:TATASTEEL,2020-09-08T00:00:00.000000Z,42.58,42.58,40.26,40.51,116372720
NSE:TATASTEEL,2020-09-09T00:00:00.000000Z,39.88,42.01,38.65,41.74,319997830
NSE:TATASTEEL,2020-09-10T00:00:00.000000Z,42.4,42.59,40.11,40.8,229205440
NSE:TATASTEEL,2020-09-11T00:00:00.000000Z,40.88,41.26,40.25,40.75,136871250
NSE:TATASTEEL,2020-09-14T00:00:00.000000Z,41.0,41.41,40.22,40.47,123310520
NSE:TATASTEEL,2020-09-15T00:00:00.000000Z,40.7,41.06,40.35,40.53,91323090
NSE:TATASTEEL,2020-09-16T00:00:00.000000Z,40.65,41.0,40.27,40.46,99873490
NSE:TATASTEEL,2020-09-17T00:00:00.000000Z,40.19,40.75,39.32,39.87,148080220
NSE:TATASTEEL,2020-09-18T00:00:00.000000Z,40.21,40.56,39.34,39.55,168417030
NSE:TATASTEEL,2020-09-21T00:00:00.000000Z,39.6,39.92,37.1,37.34,141383050
NSE:TATASTEEL,2020-09-22T00:00:00.000000Z,37.4,37.85,35.82,37.42,220130270
NSE:TATASTEEL,2020-09-23T00:00:00.000000Z,37.7,37.8,35.65,36.13,169844110
NSE:TATASTEEL,2020-09-24T00:00:00.000000Z,35.68,35.72,34.28,34.39,124957470
NSE:TATASTEEL,2020-09-25T00:00:00.000000Z,34.8,35.56,34.42,35.21,122425760
NSE:TATASTEEL,2020-09-28T00:00:00.000000Z,35.99,36.49,35.56,36.1,122701960
NSE:TATASTEEL,2020-09-29T00:00:00.000000Z,36.5,37.18,36.17,37.01,178916090
NSE:TATASTEEL,2020-09-30T00:00:00.000000Z,37.1,37.15,35.8,35.97,129636870
NSE:TATASTEEL,2020-10-01T00:00:00.000000Z,36.43,37.03,36.31,36.49,95540970
NSE:TATASTEEL,2020-10-05T00:00:00.000000Z,37.01,38.55,36.95,38.23,195905330
NSE:TATASTEEL,2020-10-06T00:00:00.000000Z,38.68,38.72,37.31,37.74,142863360
NSE:TATASTEEL,2020-10-07T00:00:00.000000Z,37.6,37.93,37.0,37.11,96937190
NSE:TATASTEEL,2020-10-08T00:00:00.000000Z,37.44,38.3,37.17,37.37,141111310
NSE:TATASTEEL,2020-10-09T00:00:00.000000Z,37.6,38.69,36.71,36.95,220065830
NSE:TATASTEEL,2020-10-12T00:00:00.000000Z,37.35,37.72,36.25,37.11,157568610
NSE:TATASTEEL,2020-10-13T00:00:00.000000Z,37.2,37.62,36.67,36.83,119024640
NSE:TATASTEEL,2020-10-14T00:00:00.000000Z,37.04,37.72,36.96,37.56,148921160
NSE:TATASTEEL,2020-10-15T00:00:00.000000Z,38.1,38.86,37.15,37.39,316506980
NSE:TATASTEEL,2020-10-16T00:00:00.000000Z,37.71,39.59,37.52,39.38,288554790
NSE:TATASTEEL,2020-10-19T00:00:00.000000Z,39.76,40.0,39.18,39.55,147289680
NSE:TATASTEEL,2020-10-20T00:00:00.000000Z,39.2,39.74,38.96,39.24,109496320
NSE:TATASTEEL,2020-10-21T00:00:00.000000Z,39.63,40.8,39.44,40.4,263519520
NSE:TATASTEEL,2020-10-22T00:00:00.000000Z,40.19,41.35,40.01,40.97,208883010
NSE:TATASTEEL,2020-10-23T00:00:00.000000Z,41.3,42.6,41.22,42.35,285885950
NSE:TATASTEEL,2020-10-26T00:00:00.000000Z,42.33,42.33,40.42,40.84,166073190
NSE:TATASTEEL,2020-10-27T00:00:00.000000Z,40.87,41.69,40.34,41.1,160621710
NSE:TATASTEEL,2020-10-28T00:00:00.000000Z,41.15,41.82,40.04,40.23,169657540
NSE:TATASTEEL,2020-10-29T00:00:00.000000Z,39.94,40.5,39.53,40.14,138603960
NSE:TATASTEEL,2020-10-30T00:00:00.000000Z,40.27,41.29,39.52,41.06,180209980
NSE:TATASTEEL,2020-11-02T00:00:00.000000Z,41.0,41.25,39.87,40.28,131431090
NSE:TATASTEEL,2020-11-03T00:00:00.000000Z,40.75,41.22,40.44,40.69,122580340
NSE:TATASTEEL,2020-11-04T00:00:00.000000Z,40.89,41.51,40.14,40.39,136143660
NSE:TATASTEEL,2020-11-05T00:00:00.000000Z,41.2,42.83,40.92,42.55,265177560
NSE:TATASTEEL,2020-11-06T00:00:00.000000Z,42.45,43.29,42.26,42.65,173981930
NSE:TATASTEEL,2020-11-09T00:00:00.000000Z,43.3,43.99,42.74,43.83,158308620
NSE:TATASTEEL,2020-11-10T00:00:00.000000Z,44.0,45.33,43.56,44.19,262002400
NSE:TATASTEEL,2020-11-11T00:00:00.000000Z,44.19,47.74,43.96,47.4,368618330
NSE:TATASTEEL,2020-11-12T00:00:00.000000Z,47.2,47.99,46.63,47.31,234936850
NSE:TATASTEEL,2020-11-13T00:00:00.000000Z,47.08,48.84,46.5,48.65,234181870
NSE:TATASTEEL,2020-11-14T00:00:00.000000Z,49.65,49.95,48.7,49.22,78374000
NSE:TATASTEEL,2020-11-17T00:00:00.000000Z,50.6,53.1,50.17,52.27,642845990
NSE:TATASTEEL,2020-11-18T00:00:00.000000Z,51.8,52.38,51.06,51.72,174815130
NSE:TATASTEEL,2020-11-19T00:00:00.000000Z,51.19,53.57,51.0,52.36,201379980
NSE:TATASTEEL,2020-11-20T00:00:00.000000Z,52.6,54.17,52.1,53.29,266860000
NSE:TATASTEEL,2020-11-23T00:00:00.000000Z,53.8,54.6,53.63,54.31,170254250
NSE:TATASTEEL,2020-11-24T00:00:00.000000Z,54.79,55.04,54.14,54.83,130291260
NSE:TATASTEEL,2020-11-25T00:00:00.000000Z,55.1,55.87,53.95,54.12,176809890
NSE:TATASTEEL,2020-11-26T00:00:00.000000Z,54.6,57.11,54.12,56.84,225701850
NSE:TATASTEEL,2020-11-27T00:00:00.000000Z,57.0,58.24,56.31,57.74,462912480
NSE:TATASTEEL,2020-12-01T00:00:00.000000Z,59.2,59.2,57.69,58.58,147391090
NSE:TATASTEEL,2020-12-02T00:00:00.000000Z,58.57,60.76,58.4,60.44,249970850
NSE:TATASTEEL,2020-12-03T00:00:00.000000Z,60.9,62.47,60.8,62.09,247756520
NSE:TATASTEEL,2020-12-04T00:00:00.000000Z,62.4,63.25,61.46,62.27,201535520
NSE:TATASTEEL,2020-12-07T00:00:00.000000Z,62.36,62.9,60.94,61.46,155883210
NSE:TATASTEEL,2020-12-08T00:00:00.000000Z,61.6,62.15,60.24,61.35,170158530
NSE:TATASTEEL,2020-12-09T00:00:00.000000Z,61.8,62.07,60.71,60.94,127307310
NSE:TATASTEEL,2020-12-10T00:00:00.000000Z,60.6,61.4,59.35,61.01,198293280
NSE:TATASTEEL,2020-12-11T00:00:00.000000Z,61.49,62.54,61.42,62.17,163956980
NSE:TATASTEEL,2020-12-14T00:00:00.000000Z,62.67,63.89,62.53,62.67,177227150
NSE:TATASTEEL,2020-12-15T00:00:00.000000Z,62.35,63.71,61.74,63.53,132263120
NSE:TATASTEEL,2020-12-16T00:00:00.000000Z,64.12,64.94,63.82,64.34,160402560
NSE:TATASTEEL,2020-12-17T00:00:00.000000Z,64.34,64.6,63.15,63.53,79651860
NSE:TATASTEEL,2020-12-18T00:00:00.000000Z,63.83,64.08,62.8,63.12,253515060
NSE:TATASTEEL,2020-12-21T00:00:00.000000Z,62.4,62.77,58.56,59.58,190766540
NSE:TATASTEEL,2020-12-22T00:00:00.000000Z,59.6,61.04,58.5,60.13,188468790
NSE:TATASTEEL,2020-12-23T00:00:00.000000Z,59.9,62.42,59.63,62.14,122383430
NSE:TATASTEEL,2020-12-24T00:00:00.000000Z,62.53,63.69,61.92,62.23,120907400
NSE:TATASTEEL,2020-12-28T00:00:00.000000Z,62.83,63.53,62.66,63.26,104805170
NSE:TATASTEEL,2020-12-29T00:00:00.000000Z,63.78,63.97,62.1,63.22,104163260
NSE:TATASTEEL,2020-12-30T00:00:00.000000Z,63.29,64.39,62.4,64.04,115144280
NSE:TATASTEEL,2020-12-31T00:00:00.000000Z,63.65,65.35,63.65,64.36,177130120
NSE:TATASTEEL,2021-01-01T00:00:00.000000Z,64.5,64.97,64.0,64.31,84113960
NSE:TATASTEEL,2021-01-04T00:00:00.000000Z,64.9,69.99,64.64,69.3,381849550
NSE:TATASTEEL,2021-01-05T00:00:00.000000Z,68.7,69.39,67.51,68.06,215452540
NSE:TATASTEEL,2021-01-06T00:00:00.000000Z,68.4,69.67,67.5,68.38,196105220
NSE:TATASTEEL,2021-01-07T00:00:00.000000Z,69.3,73.15,69.17,72.28,382321940
NSE:TATASTEEL,2021-01-08T00:00:00.000000Z,72.7,72.72,70.31,71.32,193293130
NSE:TATASTEEL,2021-01-11T00:00:00.000000Z,71.2,71.2,68.82,69.57,170245090
NSE:TATASTEEL,2021-01-12T00:00:00.000000Z,69.5,72.45,69.11,69.49,245254840
NSE:TATASTEEL,2021-01-13T00:00:00.000000Z,70.14,71.46,69.3,70.92,193538710
NSE:TATASTEEL,2021-01-14T00:00:00.000000Z,71.0,71.44,69.71,70.64,115408580
NSE:TATASTEEL,2021-01-15T00:00:00.000000Z,71.2,72.15,69.76,70.59,206884370
NSE:TATASTEEL,2021-01-18T00:00:00.000000Z,70.8,70.88,65.95,66.67,250452260
NSE:TATASTEEL,2021-01-19T00:00:00.000000Z,67.2,68.39,64.7,68.11,312451180
NSE:TATASTEEL,2021-01-20T00:00:00.000000Z,69.01,69.95,68.26,69.01,233131500
NSE:TATASTEEL,2021-01-21T00:00:00.000000Z,69.1,69.47,66.16,66.67,161178670
NSE:TATASTEEL,2021-01-22T00:00:00.000000Z,67.0,67.58,63.37,64.7,237156650
NSE:TATASTEEL,2021-01-25T00:00:00.000000Z,65.1,66.18,63.1,65.19,163484730
NSE:TATASTEEL,2021-01-27T00:00:00.000000Z,65.09,65.11,62.38,62.6,149180840
NSE:TATASTEEL,2021-01-28T00:00:00.000000Z,61.8,63.06,61.26,62.37,170917520
NSE:TATASTEEL,2021-01-29T00:00:00.000000Z,63.01,63.38,59.6,60.1,268265750
NSE:TATASTEEL,2021-02-01T00:00:00.000000Z,60.49,64.0,59.74,63.61,210846940
NSE:TATASTEEL,2021-02-02T00:00:00.000000Z,64.3,64.8,62.41,64.17,180489570
NSE:TATASTEEL,2021-02-03T00:00:00.000000Z,64.49,66.43,63.72,65.32,148463810
NSE:TATASTEEL,2021-02-04T00:00:00.000000Z,65.4,66.35,63.86,65.6,147649950
NSE:TATASTEEL,2021-02-05T00:00:00.000000Z,65.69,69.06,65.14,68.5,291008880
NSE:TATASTEEL,2021-02-08T00:00:00.000000Z,69.4,70.49,68.27,70.29,214621690
NSE:TATASTEEL,2021-02-09T00:00:00.000000Z,70.65,71.64,69.16,69.92,293370280
NSE:TATASTEEL,2021-02-10T00:00:00.000000Z,71.0,72.45,68.0,69.03,573979190
NSE:TATASTEEL,2021-02-11T00:00:00.000000Z,68.76,70.46,68.29,69.47,163407050
NSE:TATASTEEL,2021-02-12T00:00:00.000000Z,69.5,69.79,67.85,68.05,147054790
NSE:TATASTEEL,2021-02-15T00:00:00.000000Z,68.71,68.8,67.0,67.21,131716720
NSE:TATASTEEL,2021-02-16T00:00:00.000000Z,67.21,70.86,66.83,69.92,336618380
NSE:TATASTEEL,2021-02-17T00:00:00.000000Z,69.76,70.35,68.75,69.68,159574830
NSE:TATASTEEL,2021-02-18T00:00:00.000000Z,70.0,71.1,69.4,69.78,148561470
NSE:TATASTEEL,2021-02-19T00:00:00.000000Z,69.6,69.6,65.6,67.07,223923860
NSE:TATASTEEL,2021-02-22T00:00:00.000000Z,67.29,69.79,67.08,68.46,281491090
NSE:TATASTEEL,2021-02-23T00:00:00.000000Z,68.96,73.6,68.22,72.93,389070710
NSE:TATASTEEL,2021-02-24T00:00:00.000000Z,73.5,74.5,72.0,72.77,216767890
NSE:TATASTEEL,2021-02-25T00:00:00.000000Z,73.52,75.3,73.19,74.29,219015960
NSE:TATASTEEL,2021-02-26T00:00:00.000000Z,72.5,74.16,71.11,71.51,235515910
NSE:TATASTEEL,2021-03-01T00:00:00.000000Z,72.4,73.82,71.14,73.04,140586460
NSE:TATASTEEL,2021-03-02T00:00:00.000000Z,73.04,73.97,72.32,73.55,111133990
NSE:TATASTEEL,2021-03-03T00:00:00.000000Z,74.1,78.25,74.1,77.71,288428350
NSE:TATASTEEL,2021-03-04T00:00:00.000000Z,75.1,76.69,74.36,75.79,228738220
NSE:TATASTEEL,2021-03-05T00:00:00.000000Z,74.85,75.6,72.7,73.33,168819600
NSE:TATASTEEL,2021-03-08T00:00:00.000000Z,74.39,75.12,73.5,73.72,106145960
NSE:TATASTEEL,2021-03-09T00:00:00.000000Z,74.5,75.1,70.22,70.68,195564380
NSE:TATASTEEL,2021-03-10T00:00:00.000000Z,71.49,73.0,70.31,72.45,196858600
NSE:TATASTEEL,2021-03-12T00:00:00.000000Z,74.0,74.5,71.4,72.0,161214090
NSE:TATASTEEL,2021-03-15T00:00:00.000000Z,72.2,73.9,71.5,73.64,155429990
NSE:TATASTEEL,2021-03-16T00:00:00.000000Z,74.01,74.01,71.92,72.4,125699980
NSE:TATASTEEL,2021-03-17T00:00:00.000000Z,72.5,72.6,70.07,70.44,105409590
NSE:TATASTEEL,2021-03-18T00:00:00.000000Z,71.62,72.29,69.83,70.49,143206510
NSE:TATASTEEL,2021-03-19T00:00:00.000000Z,70.28,73.68,68.12,73.3,246378140
NSE:TATASTEEL,2021-03-22T00:00:00.000000Z,73.11,74.57,72.5,74.35,137603700
NSE:TATASTEEL,2021-03-23T00:00:00.000000Z,74.6,74.94,73.33,74.11,118738960
NSE:TATASTEEL,2021-03-24T00:00:00.000000Z,73.1,73.3,69.89,70.28,210302830
NSE:TATASTEEL,2021-03-25T00:00:00.000000Z,71.01,73.07,68.83,72.32,367224000
NSE:TATASTEEL,2021-03-26T00:00:00.000000Z,73.04,77.49,72.52,76.68,429122470
NSE:TATASTEEL,2021-03-30T00:00:00.000000Z,78.0,81.0,77.79,80.0,284794680
NSE:TATASTEEL,2021-03-31T00:00:00.000000Z,79.4,82.35,79.01,81.18,280445850
NSE:TATASTEEL,2021-04-01T00:00:00.000000Z,82.1,86.89,81.9,86.31,368420980
NSE:TATASTEEL,2021-04-05T00:00:00.000000Z,86.2,87.79,83.71,86.78,305759860
NSE:TATASTEEL,2021-04-06T00:00:00.000000Z,87.55,88.25,85.82,86.29,207789200
NSE:TATASTEEL,2021-04-07T00:00:00.000000Z,86.95,88.5,86.46,87.49,171132080
NSE:TATASTEEL,2021-04-08T00:00:00.000000Z,88.4,95.36,88.27,91.84,530630560
NSE:TATASTEEL,2021-04-09T00:00:00.000000Z,92.1,93.0,88.57,89.95,321790690
NSE:TATASTEEL,2021-04-12T00:00:00.000000Z,87.65,89.32,84.33,85.15,221355040
NSE:TATASTEEL,2021-04-13T00:00:00.000000Z,86.2,88.16,84.9,87.9,204285020
NSE:TATASTEEL,2021-04-15T00:00:00.000000Z,89.2,91.15,87.95,89.82,218563570
NSE:TATASTEEL,2021-04-16T00:00:00.000000Z,90.38,91.44,88.62,89.03,173985980
NSE:TATASTEEL,2021-04-19T00:00:00.000000Z,86.98,89.9,86.0,88.81,191469960
NSE:TATASTEEL,2021-04-20T00:00:00.000000Z,90.0,90.57,88.2,89.4,169152930
NSE:TATASTEEL,2021-04-22T00:00:00.000000Z,90.0,93.86,89.71,92.14,319028150
NSE:TATASTEEL,2021-04-23T00:00:00.000000Z,92.98,94.5,91.07,92.56,247523860
NSE:TATASTEEL,2021-04-26T00:00:00.000000Z,93.5,95.6,93.0,94.07,212348580
NSE:TATASTEEL,2021-04-27T00:00:00.000000Z,94.83,98.3,94.43,97.78,249045150
NSE:TATASTEEL,2021-04-28T00:00:00.000000Z,98.5,98.6,96.2,97.14,204479680
NSE:TATASTEEL,2021-04-29T00:00:00.000000Z,98.3,103.69,98.3,103.14,447186470
NSE:TATASTEEL,2021-04-30T00:00:00.000000Z,102.4,105.26,101.11,103.4,281297380
NSE:TATASTEEL,2021-05-03T00:00:00.000000Z,103.19,106.9,101.85,106.47,264841000
NSE:TATASTEEL,2021-05-04T00:00:00.000000Z,107.44,108.67,105.75,106.39,249616280
NSE:TATASTEEL,2021-05-05T00:00:00.000000Z,108.4,108.83,104.7,107.01,192498390
NSE:TATASTEEL,2021-05-06T00:00:00.000000Z,105.5,112.9,104.25,110.09,464345370
NSE:TATASTEEL,2021-05-07T00:00:00.000000Z,113.5,119.2,113.01,118.24,540754330
NSE:TATASTEEL,2021-05-10T00:00:00.000000Z,121.0,122.9,120.0,121.64,280808840
NSE:TATASTEEL,2021-05-11T00:00:00.000000Z,119.0,124.6,117.69,123.39,411083810
NSE:TATASTEEL,2021-05-12T00:00:00.000000Z,123.19,124.68,116.32,117.92,308891920
NSE:TATASTEEL,2021-05-14T00:00:00.000000Z,118.5,118.5,111.52,113.21,376480320
NSE:TATASTEEL,2021-05-17T00:00:00.000000Z,113.8,115.82,110.35,115.08,287534300
NSE:TATASTEEL,2021-05-18T00:00:00.000000Z,117.5,119.64,115.71,118.0,245738800
NSE:TATASTEEL,2021-05-19T00:00:00.000000Z,117.3,118.96,115.8,116.43,174350260
NSE:TATASTEEL,2021-05-20T00:00:00.000000Z,113.11,113.55,109.81,110.5,284462530
NSE:TATASTEEL,2021-05-21T00:00:00.000000Z,111.4,112.39,110.58,111.31,141049260
NSE:TATASTEEL,2021-05-24T00:00:00.000000Z,110.8,110.89,108.21,109.2,189238420
NSE:TATASTEEL,2021-05-25T00:00:00.000000Z,110.19,112.6,110.0,110.52,181137520
NSE:TATASTEEL,2021-05-26T00:00:00.000000Z,109.05,109.4,107.25,108.21,154327030
NSE:TATASTEEL,2021-05-27T00:00:00.000000Z,108.21,110.97,107.5,109.67,227910320
NSE:TATASTEEL,2021-05-28T00:00:00.000000Z,113.1,114.36,109.75,110.35,192085810
NSE:TATASTEEL,2021-05-31T00:00:00.000000Z,111.2,112.96,109.9,112.57,154286470
NSE:TATASTEEL,2021-06-01T00:00:00.000000Z,112.0,112.3,108.55,110.09,176909250
NSE:TATASTEEL,2021-06-02T00:00:00.000000Z,110.5,112.98,110.4,112.4,128625910
NSE:TATASTEEL,2021-06-03T00:00:00.000000Z,112.96,113.97,111.3,112.2,121094770
NSE:TATASTEEL,2021-06-04T00:00:00.000000Z,111.6,112.88,110.7,112.07,97133470
NSE:TATASTEEL,2021-06-07T00:00:00.000000Z,113.0,115.0,112.56,112.87,122185920
NSE:TATASTEEL,2021-06-08T00:00:00.000000Z,113.27,113.27,110.0,111.11,108343730
NSE:TATASTEEL,2021-06-09T00:00:00.000000Z,111.7,112.8,109.39,110.1,111143380
NSE:TATASTEEL,2021-06-10T00:00:00.000000Z,110.93,112.58,110.29,111.44,77767640
NSE:TATASTEEL,2021-06-11T00:00:00.000000Z,112.78,116.46,111.31,115.83,174458560
NSE:TATASTEEL,2021-06-14T00:00:00.000000Z,116.8,117.86,114.0,116.48,160312640
NSE:TATASTEEL,2021-06-15T00:00:00.000000Z,117.0,118.68,116.01,117.43,97681020
NSE:TATASTEEL,2021-06-16T00:00:00.000000Z,116.9,118.47,113.17,114.21,175211070
NSE:TATASTEEL,2021-06-17T00:00:00.000000Z,111.89,113.38,109.57,110.38,162076870
NSE:TATASTEEL,2021-06-18T00:00:00.000000Z,110.5,110.99,105.03,109.23,403470770
NSE:TATASTEEL,2021-06-21T00:00:00.000000Z,107.0,110.9,106.36,110.61,130014320
NSE:TATASTEEL,2021-06-22T00:00:00.000000Z,111.42,113.1,110.65,111.23,90246340
NSE:TATASTEEL,2021-06-23T00:00:00.000000Z,112.05,112.75,109.79,110.01,78063360
NSE:TATASTEEL,2021-06-24T00:00:00.000000Z,110.5,112.05,109.85,111.32,72394700
NSE:TATASTEEL,2021-06-25T00:00:00.000000Z,113.5,117.0,113.0,116.53,180227700
NSE:TATASTEEL,2021-06-28T00:00:00.000000Z,117.4,118.9,116.3,118.4,116603350
NSE:TATASTEEL,2021-06-29T00:00:00.000000Z,118.45,119.2,116.56,117.25,78037590
NSE:TATASTEEL,2021-06-30T00:00:00.000000Z,118.11,119.1,116.28,116.66,80432670
NSE:TATASTEEL,2021-07-01T00:00:00.000000Z,117.19,117.68,115.64,116.36,56149280
NSE:TATASTEEL,2021-07-02T00:00:00.000000Z,116.6,116.68,113.02,113.6,75734070
NSE:TATASTEEL,2021-07-05T00:00:00.000000Z,114.6,116.18,113.6,115.68,76799000
NSE:TATASTEEL,2021-07-06T00:00:00.000000Z,115.86,117.8,115.03,116.72,91468350
NSE:TATASTEEL,2021-07-07T00:00:00.000000Z,116.79,122.5,115.85,121.86,167456260
NSE:TATASTEEL,2021-07-08T00:00:00.000000Z,122.5,123.0,118.12,118.97,124105850
NSE:TATASTEEL,2021-07-09T00:00:00.000000Z,119.2,124.41,118.8,123.93,178593560
NSE:TATASTEEL,2021-07-12T00:00:00.000000Z,125.1,125.85,121.83,122.69,166477750
NSE:TATASTEEL,2021-07-13T00:00:00.000000Z,123.8,124.35,122.31,122.88,79155280
NSE:TATASTEEL,2021-07-14T00:00:00.000000Z,123.19,124.77,121.9,124.47,83413880
NSE:TATASTEEL,2021-07-15T00:00:00.000000Z,124.61,126.58,123.77,125.6,96555510
NSE:TATASTEEL,2021-07-16T00:00:00.000000Z,126.47,128.13,125.9,127.85,84969250
NSE:TATASTEEL,2021-07-19T00:00:00.000000Z,125.9,129.09,125.37,126.64,89046290
NSE:TATASTEEL,2021-07-20T00:00:00.000000Z,127.2,127.23,122.5,123.33,85799400
NSE:TATASTEEL,2021-07-22T00:00:00.000000Z,124.9,127.79,124.8,127.3,78940240
NSE:TATASTEEL,2021-07-23T00:00:00.000000Z,127.93,129.55,127.4,128.14,86418650
NSE:TATASTEEL,2021-07-26T00:00:00.000000Z,128.9,130.82,127.81,129.79,86784330
NSE:TATASTEEL,2021-07-27T00:00:00.000000Z,131.5,133.45,130.8,133.07,103413820
NSE:TATASTEEL,2021-07-28T00:00:00.000000Z,133.2,136.99,130.62,136.5,128351250
NSE:TATASTEEL,2021-07-29T00:00:00.000000Z,137.5,148.18,136.8,145.86,300610410
NSE:TATASTEEL,2021-07-30T00:00:00.000000Z,145.57,147.27,142.78,143.43,140492650
NSE:TATASTEEL,2021-08-02T00:00:00.000000Z,144.6,144.7,140.55,141.01,97689200
NSE:TATASTEEL,2021-08-03T00:00:00.000000Z,141.4,142.09,139.04,140.72,86405600
NSE:TATASTEEL,2021-08-04T00:00:00.000000Z,142.0,144.8,140.51,141.62,112894350
NSE:TATASTEEL,2021-08-05T00:00:00.000000Z,141.53,145.0,138.75,144.66,162217990
NSE:TATASTEEL,2021-08-06T00:00:00.000000Z,144.9,145.7,142.6,142.88,96740250
NSE:TATASTEEL,2021-08-09T00:00:00.000000Z,143.4,144.32,140.54,141.22,78594930
NSE:TATASTEEL,2021-08-10T00:00:00.000000Z,141.2,141.8,136.72,137.36,84516230
NSE:TATASTEEL,2021-08-11T00:00:00.000000Z,139.0,142.97,138.42,142.62,145353570
NSE:TATASTEEL,2021-08-12T00:00:00.000000Z,143.6,144.47,141.65,143.54,109431080
NSE:TATASTEEL,2021-08-13T00:00:00.000000Z,140.5,147.66,139.07,146.16,289698720
NSE:TATASTEEL,2021-08-16T00:00:00.000000Z,148.4,153.45,147.22,151.94,271144880
NSE:TATASTEEL,2021-08-17T00:00:00.000000Z,151.94,153.4,149.18,150.37,189709230
NSE:TATASTEEL,2021-08-18T00:00:00.000000Z,150.95,151.89,148.82,150.04,123317450
NSE:TATASTEEL,2021-08-20T00:00:00.000000Z,144.51,144.7,136.28,137.56,273400690
NSE:TATASTEEL,2021-08-23T00:00:00.000000Z,140.2,140.98,131.07,135.87,229257290
NSE:TATASTEEL,2021-08-24T00:00:00.000000Z,138.2,142.0,137.7,140.46,176075790
NSE:TATASTEEL,2021-08-25T00:00:00.000000Z,141.8,142.6,138.07,139.02,125650100
NSE:TATASTEEL,2021-08-26T00:00:00.000000Z,139.04,139.48,136.5,137.51,91578980
NSE:TATASTEEL,2021-08-27T00:00:00.000000Z,137.9,139.45,137.59,138.41,73940810
NSE:TATASTEEL,2021-08-30T00:00:00.000000Z,139.9,144.5,139.8,144.06,134443870
NSE:TATASTEEL,2021-08-31T00:00:00.000000Z,144.5,145.9,143.2,145.02,247521080
NSE:TATASTEEL,2021-09-01T00:00:00.000000Z,145.12,145.55,140.7,141.12,88128970
NSE:TATASTEEL,2021-09-02T00:00:00.000000Z,141.1,143.2,141.0,142.51,61480460
NSE:TATASTEEL,2021-09-03T00:00:00.000000Z,142.8,145.29,141.65,144.37,84523820
NSE:TATASTEEL,2021-09-06T00:00:00.000000Z,144.7,145.2,142.32,143.7,69586760
NSE:TATASTEEL,2021-09-07T00:00:00.000000Z,144.4,145.9,142.07,142.87,63527170
NSE:TATASTEEL,2021-09-08T00:00:00.000000Z,142.6,144.26,141.86,142.99,46762240
NSE:TATASTEEL,2021-09-09T00:00:00.000000Z,142.0,145.2,142.0,144.7,53130300
NSE:TATASTEEL,2021-09-13T00:00:00.000000Z,144.7,147.2,143.65,146.35,56702080
NSE:TATASTEEL,2021-09-14T00:00:00.000000Z,147.6,147.6,144.9,145.23,55037670
NSE:TATASTEEL,2021-09-15T00:00:00.000000Z,145.23,146.37,144.44,145.51,44174640
NSE:TATASTEEL,2021-09-16T00:00:00.000000Z,146.0,147.19,143.12,143.68,56067970
NSE:TATASTEEL,2021-09-17T00:00:00.000000Z,143.7,144.03,136.0,138.59,195720300
NSE:TATASTEEL,2021-09-20T00:00:00.000000Z,135.0,135.19,124.74,125.31,282384120
NSE:TATASTEEL,2021-09-21T00:00:00.000000Z,125.8,129.69,123.29,129.22,255935400
NSE:TATASTEEL,2021-09-22T00:00:00.000000Z,129.94,131.8,128.31,130.58,111242470
NSE:TATASTEEL,2021-09-23T00:00:00.000000Z,133.0,133.95,130.6,131.87,99462510
NSE:TATASTEEL,2021-09-24T00:00:00.000000Z,132.0,132.4,125.85,127.21,132866160
NSE:TATASTEEL,2021-09-27T00:00:00.000000Z,127.2,128.87,126.11,127.05,86688770
NSE:TATASTEEL,2021-09-28T00:00:00.000000Z,127.35,129.68,126.3,128.1,81007360
NSE:TATASTEEL,2021-09-29T00:00:00.000000Z,127.0,130.98,126.72,129.55,94945770
NSE:TATASTEEL,2021-09-30T00:00:00.000000Z,130.3,131.64,128.38,128.89,75145680
NSE:TATASTEEL,2021-10-01T00:00:00.000000Z,127.5,131.1,126.5,129.79,90374700
NSE:TATASTEEL,2021-10-04T00:00:00.000000Z,129.79,132.77,128.04,132.41,96902370
NSE:TATASTEEL,2021-10-05T00:00:00.000000Z,131.4,133.27,131.01,131.68,57952160
NSE:TATASTEEL,2021-10-06T00:00:00.000000Z,131.99,132.86,127.32,127.99,86316930
NSE:TATASTEEL,2021-10-07T00:00:00.000000Z,129.5,130.68,128.35,128.92,46033670
NSE:TATASTEEL,2021-10-08T00:00:00.000000Z,130.2,134.4,129.63,130.12,107220150
NSE:TATASTEEL,2021-10-11T00:00:00.000000Z,130.5,132.74,129.8,131.32,63496580
NSE:TATASTEEL,2021-10-12T00:00:00.000000Z,131.32,133.5,130.5,132.91,60970190
NSE:TATASTEEL,2021-10-13T00:00:00.000000Z,132.55,137.65,131.8,135.43,132857180
NSE:TATASTEEL,2021-10-14T00:00:00.000000Z,137.4,139.06,135.4,137.51,82273710
NSE:TATASTEEL,2021-10-18T00:00:00.000000Z,141.8,142.48,139.11,141.1,109232300
NSE:TATASTEEL,2021-10-19T00:00:00.000000Z,142.1,142.65,135.76,136.69,87569240
NSE:TATASTEEL,2021-10-20T00:00:00.000000Z,137.2,137.6,132.66,134.33,69757740
NSE:TATASTEEL,2021-10-21T00:00:00.000000Z,135.67,135.79,128.97,131.47,83575730
NSE:TATASTEEL,2021-10-22T00:00:00.000000Z,132.0,132.46,127.1,129.62,80712890
NSE:TATASTEEL,2021-10-25T00:00:00.000000Z,130.2,131.6,126.72,129.33,64185010
NSE:TATASTEEL,2021-10-26T00:00:00.000000Z,130.3,135.1,130.15,134.37,77228750
NSE:TATASTEEL,2021-10-27T00:00:00.000000Z,134.6,135.17,132.12,132.62,72418040
NSE:TATASTEEL,2021-10-28T00:00:00.000000Z,131.49,131.6,129.11,129.96,93076820
NSE:TATASTEEL,2021-10-29T00:00:00.000000Z,129.02,133.37,129.0,131.6,79147600
NSE:TATASTEEL,2021-11-01T00:00:00.000000Z,134.0,137.29,133.0,136.49,96875330
NSE:TATASTEEL,2021-11-02T00:00:00.000000Z,137.0,137.0,131.08,131.37,72161370
NSE:TATASTEEL,2021-11-03T00:00:00.000000Z,132.48,133.2,131.2,132.6,57302440
NSE:TATASTEEL,2021-11-04T00:00:00.000000Z,133.1,133.5,132.41,132.59,6744340
NSE:TATASTEEL,2021-11-08T00:00:00.000000Z,134.09,134.76,130.61,134.32,54936670
NSE:TATASTEEL,2021-11-09T00:00:00.000000Z,134.29,136.03,132.88,133.6,47565160
NSE:TATASTEEL,2021-11-10T00:00:00.000000Z,132.8,132.9,128.71,129.85,118804170
NSE:TATASTEEL,2021-11-11T00:00:00.000000Z,130.49,132.45,128.84,129.96,136638600
NSE:TATASTEEL,2021-11-12T00:00:00.000000Z,134.0,134.0,127.11,128.73,232395580
NSE:TATASTEEL,2021-11-15T00:00:00.000000Z,129.5,129.9,124.15,124.54,121082150
NSE:TATASTEEL,2021-11-16T00:00:00.000000Z,124.54,126.11,122.37,122.88,123148800
NSE:TATASTEEL,2021-11-17T00:00:00.000000Z,122.5,123.74,121.51,122.0,87802040
NSE:TATASTEEL,2021-11-18T00:00:00.000000Z,122.36,122.83,118.2,118.66,101083510
NSE:TATASTEEL,2021-11-22T00:00:00.000000Z,118.81,119.68,114.6,116.5,96210010
NSE:TATASTEEL,2021-11-23T00:00:00.000000Z,116.81,120.9,116.51,119.21,93829630
NSE:TATASTEEL,2021-11-24T00:00:00.000000Z,120.04,120.29,117.11,117.85,67671010
NSE:TATASTEEL,2021-11-25T00:00:00.000000Z,118.0,118.66,116.6,117.36,47502860
NSE:TATASTEEL,2021-11-26T00:00:00.000000Z,115.79,115.95,110.62,111.23,106455260
NSE:TATASTEEL,2021-11-29T00:00:00.000000Z,111.23,113.7,107.5,111.47,93929910
NSE:TATASTEEL,2021-11-30T00:00:00.000000Z,111.1,112.79,106.3,107.12,133559840
NSE:TATASTEEL,2021-12-01T00:00:00.000000Z,109.2,109.7,106.65,108.25,93791140
NSE:TATASTEEL,2021-12-02T00:00:00.000000Z,108.3,111.6,107.4,111.24,91286810
NSE:TATASTEEL,2021-12-03T00:00:00.000000Z,111.5,113.42,110.22,111.8,100737840
NSE:TATASTEEL,2021-12-06T00:00:00.000000Z,111.4,114.1,110.22,110.88,82159400
NSE:TATASTEEL,2021-12-07T00:00:00.000000Z,112.11,115.56,112.1,114.88,85053900
NSE:TATASTEEL,2021-12-08T00:00:00.000000Z,115.9,117.7,114.9,117.3,74485010
NSE:TATASTEEL,2021-12-09T00:00:00.000000Z,118.2,118.2,115.9,117.68,52123940
NSE:TATASTEEL,2021-12-10T00:00:00.000000Z,117.35,118.89,116.76,118.0,48121300
NSE:TATASTEEL,2021-12-13T00:00:00.000000Z,118.8,119.9,116.17,116.53,53537780
NSE:TATASTEEL,2021-12-14T00:00:00.000000Z,115.89,117.79,114.7,116.72,53522640
NSE:TATASTEEL,2021-12-15T00:00:00.000000Z,117.0,117.56,114.9,115.4,44308330
NSE:TATASTEEL,2021-12-16T00:00:00.000000Z,116.4,116.88,114.36,115.32,42460080
NSE:TATASTEEL,2021-12-17T00:00:00.000000Z,115.4,115.89,112.5,113.21,47435020
NSE:TATASTEEL,2021-12-20T00:00:00.000000Z,111.7,111.72,106.61,107.29,73526500
NSE:TATASTEEL,2021-12-21T00:00:00.000000Z,109.0,112.43,108.5,110.51,70268490
NSE:TATASTEEL,2021-12-22T00:00:00.000000Z,111.5,113.1,111.0,112.89,43669170
NSE:TATASTEEL,2021-12-23T00:00:00.000000Z,113.8,114.68,112.02,112.76,46214780
NSE:TATASTEEL,2021-12-24T00:00:00.000000Z,113.0,113.35,110.39,111.54,40936300
NSE:TATASTEEL,2021-12-27T00:00:00.000000Z,111.11,112.47,110.24,112.18,27588510
NSE:TATASTEEL,2021-12-28T00:00:00.000000Z,112.7,113.15,112.2,112.75,28807810
NSE:TATASTEEL,2021-12-29T00:00:00.000000Z,112.0,112.67,110.8,111.62,41935200
NSE:TATASTEEL,2021-12-30T00:00:00.000000Z,111.79,112.7,109.9,110.1,41140930
NSE:TATASTEEL,2021-12-31T00:00:00.000000Z,110.5,112.35,110.26,111.14,36870210
NSE:TATASTEEL,2022-01-03T00:00:00.000000Z,111.5,115.1,111.5,114.25,38658030
NSE:TATASTEEL,2022-01-04T00:00:00.000000Z,115.3,115.97,113.65,114.88,59757310
NSE:TATASTEEL,2022-01-05T00:00:00.000000Z,114.7,118.08,114.12,117.76,61861760
NSE:TATASTEEL,2022-01-06T00:00:00.000000Z,117.2,118.3,115.56,116.32,53354000
NSE:TATASTEEL,2022-01-07T00:00:00.000000Z,116.52,117.4,114.79,116.04,39738570
NSE:TATASTEEL,2022-01-10T00:00:00.000000Z,116.5,117.34,115.39,116.9,38225000
NSE:TATASTEEL,2022-01-11T00:00:00.000000Z,115.86,116.27,111.3,113.03,96978850
NSE:TATASTEEL,2022-01-12T00:00:00.000000Z,113.99,115.08,113.24,114.72,50358430
NSE:TATASTEEL,2022-01-13T00:00:00.000000Z,115.4,122.55,115.21,122.11,157231160
NSE:TATASTEEL,2022-01-14T00:00:00.000000Z,121.3,122.63,120.61,121.36,52679070
NSE:TATASTEEL,2022-01-17T00:00:00.000000Z,121.5,124.5,119.04,122.97,89696070
NSE:TATASTEEL,2022-01-18T00:00:00.000000Z,123.0,123.38,119.0,119.49,58408970
NSE:TATASTEEL,2022-01-19T00:00:00.000000Z,119.6,122.09,118.3,120.96,73043210
NSE:TATASTEEL,2022-01-20T00:00:00.000000Z,121.01,122.4,119.7,120.67,59205970
NSE:TATASTEEL,2022-01-21T00:00:00.000000Z,120.0,120.43,115.64,116.97,71662670
NSE:TATASTEEL,2022-01-24T00:00:00.000000Z,116.0,116.36,109.0,109.92,83920760
NSE:TATASTEEL,2022-01-25T00:00:00.000000Z,109.47,112.1,108.71,110.91,57330630
NSE:TATASTEEL,2022-01-27T00:00:00.000000Z,109.0,110.35,106.13,108.83,90566560
NSE:TATASTEEL,2022-01-28T00:00:00.000000Z,110.58,112.57,108.1,108.46,78648930
NSE:TATASTEEL,2022-01-31T00:00:00.000000Z,110.99,111.46,108.05,108.56,55709390
NSE:TATASTEEL,2022-02-01T00:00:00.000000Z,110.49,117.44,108.64,116.74,170752680
NSE:TATASTEEL,2022-02-02T00:00:00.000000Z,117.99,117.99,115.83,116.75,75247340
NSE:TATASTEEL,2022-02-03T00:00:00.000000Z,115.3,118.17,114.63,116.66,65140900
NSE:TATASTEEL,2022-02-04T00:00:00.000000Z,117.38,119.78,117.03,117.63,93174180
NSE:TATASTEEL,2022-02-07T00:00:00.000000Z,116.83,121.46,116.1,118.3,145105250
NSE:TATASTEEL,2022-02-08T00:00:00.000000Z,119.5,122.24,117.15,121.96,140839840
NSE:TATASTEEL,2022-02-09T00:00:00.000000Z,123.1,123.4,120.82,122.24,73520600
NSE:TATASTEEL,2022-02-10T00:00:00.000000Z,123.0,125.43,122.6,124.83,93920570
NSE:TATASTEEL,2022-02-11T00:00:00.000000Z,123.9,126.5,123.31,125.44,96762260
NSE:TATASTEEL,2022-02-14T00:00:00.000000Z,122.01,122.78,118.01,118.68,80216130
NSE:TATASTEEL,2022-02-15T00:00:00.000000Z,119.68,121.2,115.15,120.78,101889210
NSE:TATASTEEL,2022-02-16T00:00:00.000000Z,121.5,121.79,118.65,119.18,66092140
NSE:TATASTEEL,2022-02-17T00:00:00.000000Z,120.11,120.95,118.61,119.1,56557920
NSE:TATASTEEL,2022-02-18T00:00:00.000000Z,118.7,120.5,118.3,119.08,47251200
NSE:TATASTEEL,2022-02-21T00:00:00.000000Z,118.8,120.2,117.44,118.18,49787320
NSE:TATASTEEL,2022-02-22T00:00:00.000000Z,115.8,116.67,111.93,113.87,93858570
NSE:TATASTEEL,2022-02-23T00:00:00.000000Z,114.8,115.26,113.4,113.9,49608380
NSE:TATASTEEL,2022-02-24T00:00:00.000000Z,109.4,112.0,106.71,107.4,121268670
NSE:TATASTEEL,2022-02-25T00:00:00.000000Z,109.77,115.07,109.56,114.54,92128860
NSE:TATASTEEL,2022-02-28T00:00:00.000000Z,113.4,122.5,112.92,122.07,176054460
NSE:TATASTEEL,2022-03-02T00:00:00.000000Z,122.07,129.96,121.86,128.93,248475320
NSE:TATASTEEL,2022-03-03T00:00:00.000000Z,130.6,132.87,129.37,130.33,174503380
NSE:TATASTEEL,2022-03-04T00:00:00.000000Z,130.24,131.99,127.3,127.71,162829230
NSE:TATASTEEL,2022-03-07T00:00:00.000000Z,127.59,130.18,126.4,129.19,110400010
NSE:TATASTEEL,2022-03-08T00:00:00.000000Z,129.3,129.4,124.4,126.95,91078220
NSE:TATASTEEL,2022-03-09T00:00:00.000000Z,127.39,127.68,124.86,125.54,69348880
NSE:TATASTEEL,2022-03-10T00:00:00.000000Z,125.79,131.38,124.1,130.87,136740620
NSE:TATASTEEL,2022-03-11T00:00:00.000000Z,131.5,133.99,129.62,130.17,118822990
NSE:TATASTEEL,2022-03-14T00:00:00.000000Z,130.5,131.17,127.77,129.7,52780820
NSE:TATASTEEL,2022-03-15T00:00:00.000000Z,129.18,129.3,122.8,123.38,96143130
NSE:TATASTEEL,2022-03-16T00:00:00.000000Z,124.5,127.12,124.02,126.53,63024510
NSE:TATASTEEL,2022-03-17T00:00:00.000000Z,127.5,131.78,127.11,130.35,106239760
NSE:TATASTEEL,2022-03-21T00:00:00.000000Z,130.8,133.4,129.45,130.29,84227630
NSE:TATASTEEL,2022-03-22T00:00:00.000000Z,132.0,133.0,128.8,130.2,81795880
NSE:TATASTEEL,2022-03-23T00:00:00.000000Z,132.4,134.78,129.24,133.1,130552380
NSE:TATASTEEL,2022-03-24T00:00:00.000000Z,133.1,135.95,132.6,135.05,94605270
NSE:TATASTEEL,2022-03-25T00:00:00.000000Z,135.49,136.6,133.35,133.9,69457440
NSE:TATASTEEL,2022-03-28T00:00:00.000000Z,134.0,135.5,132.76,133.9,46554910
NSE:TATASTEEL,2022-03-29T00:00:00.000000Z,134.4,134.62,132.7,133.46,43202370
NSE:TATASTEEL,2022-03-30T00:00:00.000000Z,133.5,133.55,130.0,130.8,58483160
NSE:TATASTEEL,2022-03-31T00:00:00.000000Z,130.8,132.04,130.01,130.72,40067950
NSE:TATASTEEL,2022-04-01T00:00:00.000000Z,131.0,134.09,130.54,131.71,55321590
NSE:TATASTEEL,2022-04-04T00:00:00.000000Z,131.71,135.4,131.45,134.19,69670320
NSE:TATASTEEL,2022-04-05T00:00:00.000000Z,134.85,135.8,132.93,134.49,63296420
NSE:TATASTEEL,2022-04-06T00:00:00.000000Z,135.0,138.67,134.68,137.07,114097540
NSE:TATASTEEL,2022-04-07T00:00:00.000000Z,137.7,138.1,134.1,134.95,55650640
NSE:TATASTEEL,2022-04-08T00:00:00.000000Z,136.1,137.99,135.62,137.07,52287710
NSE:TATASTEEL,2022-04-11T00:00:00.000000Z,137.07,138.4,135.3,135.79,44778820
NSE:TATASTEEL,2022-04-12T00:00:00.000000Z,135.3,135.99,129.61,132.02,69191680
NSE:TATASTEEL,2022-04-13T00:00:00.000000Z,133.49,134.6,131.5,131.95,44937800
NSE:TATASTEEL,2022-04-18T00:00:00.000000Z,133.19,135.8,132.88,133.91,80700420
NSE:TATASTEEL,2022-04-19T00:00:00.000000Z,135.26,136.66,130.9,132.66,64772190
NSE:TATASTEEL,2022-04-20T00:00:00.000000Z,132.97,133.65,130.3,131.43,54100210
NSE:TATASTEEL,2022-04-21T00:00:00.000000Z,131.6,132.27,128.59,130.21,66690280
NSE:TATASTEEL,2022-04-22T00:00:00.000000Z,130.16,131.15,127.38,127.75,55848230
NSE:TATASTEEL,2022-04-25T00:00:00.000000Z,125.0,126.29,121.28,122.04,72310460
NSE:TATASTEEL,2022-04-26T00:00:00.000000Z,123.5,124.17,122.5,123.36,44812710
NSE:TATASTEEL,2022-04-27T00:00:00.000000Z,122.7,125.5,121.04,124.67,71209740
NSE:TATASTEEL,2022-04-28T00:00:00.000000Z,125.95,126.86,124.3,126.08,51295830
NSE:TATASTEEL,2022-04-29T00:00:00.000000Z,126.8,129.17,126.57,127.11,57173520
NSE:TATASTEEL,2022-05-02T00:00:00.000000Z,125.7,130.27,124.88,129.52,54426170
NSE:TATASTEEL,2022-05-04T00:00:00.000000Z,132.73,133.0,125.45,126.14,138374020
NSE:TATASTEEL,2022-05-05T00:00:00.000000Z,128.0,131.65,127.8,128.43,87338160
NSE:TATASTEEL,2022-05-06T00:00:00.000000Z,126.8,129.0,124.3,128.37,69256760
NSE:TATASTEEL,2022-05-09T00:00:00.000000Z,126.0,127.42,124.4,125.22,50552970
NSE:TATASTEEL,2022-05-10T00:00:00.000000Z,125.1,125.46,115.86,116.49,145537420
NSE:TATASTEEL,2022-05-11T00:00:00.000000Z,117.5,119.09,112.34,116.57,107063150
NSE:TATASTEEL,2022-05-12T00:00:00.000000Z,115.69,116.24,110.3,111.77,94191610
NSE:TATASTEEL,2022-05-13T00:00:00.000000Z,113.5,115.18,109.2,109.7,82924410
NSE:TATASTEEL,2022-05-16T00:00:00.000000Z,111.9,113.48,109.4,110.35,62665270
NSE:TATASTEEL,2022-05-17T00:00:00.000000Z,112.4,119.72,111.54,118.87,112876010
NSE:TATASTEEL,2022-05-18T00:00:00.000000Z,119.7,120.9,117.5,118.03,81575800
NSE:TATASTEEL,2022-05-19T00:00:00.000000Z,115.1,115.49,111.52,112.21,66545630
NSE:TATASTEEL,2022-05-20T00:00:00.000000Z,116.24,117.84,114.12,117.06,65527500
NSE:TATASTEEL,2022-05-23T00:00:00.000000Z,109.7,109.7,100.15,102.29,273883460
NSE:TATASTEEL,2022-05-24T00:00:00.000000Z,103.1,103.99,100.2,100.64,123116660
NSE:TATASTEEL,2022-05-25T00:00:00.000000Z,100.64,101.83,99.18,99.91,99343400
NSE:TATASTEEL,2022-05-26T00:00:00.000000Z,100.7,106.75,99.53,105.2,150536730
NSE:TATASTEEL,2022-05-27T00:00:00.000000Z,106.25,106.76,103.2,104.35,74772200
NSE:TATASTEEL,2022-05-30T00:00:00.000000Z,105.9,106.38,104.35,104.75,72701590
NSE:TATASTEEL,2022-05-31T00:00:00.000000Z,104.5,107.19,103.7,105.57,121248850
NSE:TATASTEEL,2022-06-01T00:00:00.000000Z,106.55,107.9,105.33,106.36,94055290
NSE:TATASTEEL,2022-06-02T00:00:00.000000Z,106.78,108.47,105.91,108.15,79177040
NSE:TATASTEEL,2022-06-03T00:00:00.000000Z,109.2,109.28,106.5,106.73,53954860
NSE:TATASTEEL,2022-06-06T00:00:00.000000Z,106.5,108.29,104.92,107.81,57262490
NSE:TATASTEEL,2022-06-07T00:00:00.000000Z,106.7,108.15,106.36,106.85,43341570
NSE:TATASTEEL,2022-06-08T00:00:00.000000Z,108.1,108.89,107.4,108.68,64734340
NSE:TATASTEEL,2022-06-09T00:00:00.000000Z,107.5,108.72,104.12,104.49,98547810
NSE:TATASTEEL,2022-06-10T00:00:00.000000Z,103.0,103.14,101.07,102.37,95225630
NSE:TATASTEEL,2022-06-13T00:00:00.000000Z,100.43,101.2,99.0,99.19,82235750
NSE:TATASTEEL,2022-06-14T00:00:00.000000Z,98.82,101.37,98.56,99.61,77202600
NSE:TATASTEEL,2022-06-15T00:00:00.000000Z,95.39,97.43,95.07,95.96,92443330
NSE:TATASTEEL,2022-06-16T00:00:00.000000Z,97.5,97.5,89.82,90.17,122741050
NSE:TATASTEEL,2022-06-17T00:00:00.000000Z,89.8,92.74,89.55,90.67,121290260
NSE:TATASTEEL,2022-06-20T00:00:00.000000Z,90.5,90.5,84.26,86.14,139866890
NSE:TATASTEEL,2022-06-21T00:00:00.000000Z,87.5,89.55,86.4,88.48,124526970
NSE:TATASTEEL,2022-06-22T00:00:00.000000Z,87.29,87.39,83.57,83.81,109877390
NSE:TATASTEEL,2022-06-23T00:00:00.000000Z,84.0,85.6,82.7,84.13,111515840
NSE:TATASTEEL,2022-06-24T00:00:00.000000Z,85.0,86.47,84.46,85.29,85433810
NSE:TATASTEEL,2022-06-27T00:00:00.000000Z,87.05,87.89,86.31,86.79,72814730
NSE:TATASTEEL,2022-06-28T00:00:00.000000Z,86.6,88.44,86.04,87.89,84647330
NSE:TATASTEEL,2022-06-29T00:00:00.000000Z,87.0,88.88,86.85,88.16,72318470
NSE:TATASTEEL,2022-06-30T00:00:00.000000Z,88.15,89.45,86.33,86.71,84672090
NSE:TATASTEEL,2022-07-01T00:00:00.000000Z,86.69,87.5,85.91,87.29,54761890
NSE:TATASTEEL,2022-07-04T00:00:00.000000Z,86.85,87.12,84.33,85.46,77554410
NSE:TATASTEEL,2022-07-05T00:00:00.000000Z,86.2,87.92,85.78,86.01,79058290
NSE:TATASTEEL,2022-07-06T00:00:00.000000Z,85.85,86.11,83.81,85.82,81439710
NSE:TATASTEEL,2022-07-07T00:00:00.000000Z,86.7,90.65,85.85,90.0,111007940
NSE:TATASTEEL,2022-07-08T00:00:00.000000Z,91.79,91.79,88.05,88.59,112000630
NSE:TATASTEEL,2022-07-11T00:00:00.000000Z,88.52,92.9,87.5,91.28,150193340
NSE:TATASTEEL,2022-07-12T00:00:00.000000Z,90.49,91.6,89.36,90.21,100175050
NSE:TATASTEEL,2022-07-13T00:00:00.000000Z,90.6,91.42,90.07,90.49,70135110
NSE:TATASTEEL,2022-07-14T00:00:00.000000Z,91.0,91.1,89.5,90.8,74498580
NSE:TATASTEEL,2022-07-15T00:00:00.000000Z,90.5,91.03,87.75,88.38,81253510
NSE:TATASTEEL,2022-07-18T00:00:00.000000Z,89.7,90.8,89.22,90.43,73060810
NSE:TATASTEEL,2022-07-19T00:00:00.000000Z,90.1,92.19,90.1,91.94,85341580
NSE:TATASTEEL,2022-07-20T00:00:00.000000Z,93.6,93.8,92.52,92.85,77088650
NSE:TATASTEEL,2022-07-21T00:00:00.000000Z,93.0,93.89,92.45,93.43,50877140
NSE:TATASTEEL,2022-07-22T00:00:00.000000Z,94.25,94.4,93.2,93.61,48608940
NSE:TATASTEEL,2022-07-25T00:00:00.000000Z,93.5,96.49,93.36,96.07,99635630
NSE:TATASTEEL,2022-07-26T00:00:00.000000Z,97.2,97.67,94.61,94.95,126264690
NSE:TATASTEEL,2022-07-27T00:00:00.000000Z,95.1,96.15,94.36,95.94,52559020
NSE:TATASTEEL,2022-07-28T00:00:00.000000Z,98.1,102.0,97.15,100.35,137156107
NSE:TATASTEEL,2022-07-29T00:00:00.000000Z,103.0,109.3,102.15,107.6,166959934
NSE:TATASTEEL,2022-08-01T00:00:00.000000Z,110.5,111.45,106.15,108.25,125365761
NSE:TATASTEEL,2022-08-02T00:00:00.000000Z,108.0,108.0,105.35,107.0,64935371
NSE:TATASTEEL,2022-08-03T00:00:00.000000Z,107.0,108.45,106.0,107.05,61428846
NSE:TATASTEEL,2022-08-04T00:00:00.000000Z,107.5,109.5,106.05,107.7,79526154
NSE:TATASTEEL,2022-08-05T00:00:00.000000Z,107.65,109.25,107.1,107.35,54469112
NSE:TATASTEEL,2022-08-08T00:00:00.000000Z,107.85,108.15,106.7,107.2,41384943
NSE:TATASTEEL,2022-08-10T00:00:00.000000Z,107.9,109.9,106.5,109.2,73880698
NSE:TATASTEEL,2022-08-11T00:00:00.000000Z,110.3,110.65,108.6,109.1,75321498
NSE:TATASTEEL,2022-08-12T00:00:00.000000Z,109.35,112.9,108.8,112.65,95942333
NSE:TATASTEEL,2022-08-16T00:00:00.000000Z,113.7,113.7,111.1,113.0,69207437
NSE:TATASTEEL,2022-08-17T00:00:00.000000Z,113.5,113.5,112.25,112.5,54008422
NSE:TATASTEEL,2022-08-18T00:00:00.000000Z,112.5,113.0,111.4,112.55,49396425
NSE:TATASTEEL,2022-08-19T00:00:00.000000Z,112.55,112.9,109.55,110.05,57134813
NSE:TATASTEEL,2022-08-22T00:00:00.000000Z,109.5,109.6,104.7,105.05,74037526
NSE:TATASTEEL,2022-08-23T00:00:00.000000Z,104.2,108.25,103.5,107.6,70531639
NSE:TATASTEEL,2022-08-24T00:00:00.000000Z,107.55,108.15,105.75,106.55,55686404
NSE:TATASTEEL,2022-08-25T00:00:00.000000Z,107.05,107.9,105.75,106.25,42186335
NSE:TATASTEEL,2022-08-26T00:00:00.000000Z,107.25,109.2,107.1,107.35,71257092
NSE:TATASTEEL,2022-08-29T00:00:00.000000Z,104.05,105.65,103.25,104.85,59895805
NSE:TATASTEEL,2022-08-30T00:00:00.000000Z,106.5,108.5,106.05,108.3,67401780
NSE:TATASTEEL,2022-09-01T00:00:00.000000Z,107.0,107.75,105.9,106.4,52454732
NSE:TATASTEEL,2022-09-02T00:00:00.000000Z,107.0,107.0,105.0,105.5,45601352
NSE:TATASTEEL,2022-09-05T00:00:00.000000Z,106.05,107.3,105.8,106.9,40352735
NSE:TATASTEEL,2022-09-06T00:00:00.000000Z,107.4,108.8,106.05,108.6,59505849
NSE:TATASTEEL,2022-09-07T00:00:00.000000Z,107.55,108.9,107.1,107.6,43945660
NSE:TATASTEEL,2022-09-08T00:00:00.000000Z,108.4,108.4,105.35,105.85,71228405
NSE:TATASTEEL,2022-09-09T00:00:00.000000Z,107.0,107.35,105.5,105.7,63647166
NSE:TATASTEEL,2022-09-12T00:00:00.000000Z,106.8,107.95,106.5,107.75,40838533
NSE:TATASTEEL,2022-09-13T00:00:00.000000Z,108.0,108.7,107.55,107.75,44179394
NSE:TATASTEEL,2022-09-14T00:00:00.000000Z,106.3,110.4,105.8,109.15,86379872
NSE:TATASTEEL,2022-09-15T00:00:00.000000Z,108.65,109.0,106.5,107.0,62926791
NSE:TATASTEEL,2022-09-16T00:00:00.000000Z,106.2,107.5,105.0,105.7,107967267
NSE:TATASTEEL,2022-09-19T00:00:00.000000Z,106.2,106.2,103.0,103.1,51146568
NSE:TATASTEEL,2022-09-20T00:00:00.000000Z,104.2,106.35,104.0,105.8,52140254
NSE:TATASTEEL,2022-09-21T00:00:00.000000Z,105.8,107.2,104.3,104.45,46142823
NSE:TATASTEEL,2022-09-22T00:00:00.000000Z,104.45,105.3,103.5,103.6,61380323
NSE:TATASTEEL,2022-09-23T00:00:00.000000Z,106.2,107.9,103.75,104.3,109765520
NSE:TATASTEEL,2022-09-26T00:00:00.000000Z,104.4,104.45,98.5,99.85,101291962
NSE:TATASTEEL,2022-09-27T00:00:00.000000Z,101.35,101.35,96.5,97.65,104949032
NSE:TATASTEEL,2022-09-28T00:00:00.000000Z,96.55,97.85,95.0,95.2,71724106
NSE:TATASTEEL,2022-09-29T00:00:00.000000Z,97.0,98.25,96.4,96.85,60884592
NSE:TATASTEEL,2022-09-30T00:00:00.000000Z,96.85,100.4,95.7,99.3,66436616
NSE:TATASTEEL,2022-10-03T00:00:00.000000Z,99.6,99.65,98.0,98.35,37282313
NSE:TATASTEEL,2022-10-04T00:00:00.000000Z,100.3,101.5,100.0,101.15,40186702
NSE:TATASTEEL,2022-10-06T00:00:00.000000Z,102.0,103.8,101.75,103.55,48169310
NSE:TATASTEEL,2022-10-07T00:00:00.000000Z,103.3,103.5,101.9,103.3,36080875
NSE:TATASTEEL,2022-10-10T00:00:00.000000Z,102.0,103.5,101.15,103.2,36641275
NSE:TATASTEEL,2022-10-11T00:00:00.000000Z,103.55,103.65,99.8,100.35,41083734
NSE:TATASTEEL,2022-10-12T00:00:00.000000Z,100.35,101.2,99.0,100.55,41357469
NSE:TATASTEEL,2022-10-13T00:00:00.000000Z,101.1,101.8,98.8,100.1,34668093
NSE:TATASTEEL,2022-10-14T00:00:00.000000Z,101.85,102.8,99.9,100.1,32456805
NSE:TATASTEEL,2022-10-17T00:00:00.000000Z,99.75,100.4,98.1,99.55,37568783
NSE:TATASTEEL,2022-10-18T00:00:00.000000Z,100.3,101.0,99.8,100.65,30722156
NSE:TATASTEEL,2022-10-19T00:00:00.000000Z,100.6,101.25,99.7,100.05,38764542
NSE:TATASTEEL,2022-10-20T00:00:00.000000Z,99.5,101.2,98.8,100.9,38091315
NSE:TATASTEEL,2022-10-21T00:00:00.000000Z,100.85,101.45,99.35,100.2,30973997
NSE:TATASTEEL,2022-10-24T00:00:00.000000Z,102.0,102.1,101.0,101.2,7480281
NSE:TATASTEEL,2022-10-25T00:00:00.000000Z,101.15,102.5,100.7,101.2,37163180
NSE:TATASTEEL,2022-10-27T00:00:00.000000Z,102.25,104.65,102.05,104.2,74349009
NSE:TATASTEEL,2022-10-28T00:00:00.000000Z,104.1,104.6,100.8,101.6,51006232
NSE:TATASTEEL,2022-10-31T00:00:00.000000Z,101.9,102.15,100.3,101.55,38715841
NSE:TATASTEEL,2022-11-01T00:00:00.000000Z,98.55,101.45,98.55,101.2,69031178
NSE:TATASTEEL,2022-11-02T00:00:00.000000Z,101.0,103.0,100.8,101.25,42336049
NSE:TATASTEEL,2022-11-03T00:00:00.000000Z,100.75,102.45,100.0,102.0,39110676
NSE:TATASTEEL,2022-11-04T00:00:00.000000Z,102.5,105.0,102.2,104.75,70299020
NSE:TATASTEEL,2022-11-07T00:00:00.000000Z,105.9,107.45,104.6,106.7,74426059
NSE:TATASTEEL,2022-11-09T00:00:00.000000Z,107.25,107.55,105.55,106.1,38295904
NSE:TATASTEEL,2022-11-10T00:00:00.000000Z,105.2,106.0,104.45,104.7,27864285
NSE:TATASTEEL,2022-11-11T00:00:00.000000Z,106.25,108.2,106.25,107.55,77933417
NSE:TATASTEEL,2022-11-14T00:00:00.000000Z,108.5,110.0,108.25,108.7,55474425
NSE:TATASTEEL,2022-11-15T00:00:00.000000Z,109.0,109.35,107.2,108.55,35007427
NSE:TATASTEEL,2022-11-16T00:00:00.000000Z,108.45,108.8,105.2,106.55,40404167
NSE:TATASTEEL,2022-11-17T00:00:00.000000Z,105.9,106.8,104.5,105.85,32894825
NSE:TATASTEEL,2022-11-18T00:00:00.000000Z,105.85,106.3,104.7,105.5,28992538
NSE:TATASTEEL,2022-11-21T00:00:00.000000Z,107.7,107.7,103.85,104.25,58404309
NSE:TATASTEEL,2022-11-22T00:00:00.000000Z,104.4,105.4,103.55,105.2,27846186
NSE:TATASTEEL,2022-11-23T00:00:00.000000Z,105.7,106.0,104.95,105.45,22809651
NSE:TATASTEEL,2022-11-24T00:00:00.000000Z,105.85,105.95,104.6,105.5,23737867
NSE:TATASTEEL,2022-11-25T00:00:00.000000Z,105.6,106.5,105.1,106.2,27361785
NSE:TATASTEEL,2022-11-28T00:00:00.000000Z,106.0,106.4,104.5,104.9,33516118
NSE:TATASTEEL,2022-11-29T00:00:00.000000Z,105.0,107.65,104.95,106.1,40661568
NSE:TATASTEEL,2022-11-30T00:00:00.000000Z,106.1,107.95,105.9,107.65,61142050
NSE:TATASTEEL,2022-12-01T00:00:00.000000Z,108.7,111.3,108.0,110.75,91702642
NSE:TATASTEEL,2022-12-02T00:00:00.000000Z,110.8,112.5,110.15,112.0,70541914
NSE:TATASTEEL,2022-12-05T00:00:00.000000Z,113.3,116.1,112.65,115.85,96441799
NSE:TATASTEEL,2022-12-06T00:00:00.000000Z,115.35,115.35,112.25,112.95,50581245
NSE:TATASTEEL,2022-12-07T00:00:00.000000Z,113.4,113.5,110.85,111.2,39494279
NSE:TATASTEEL,2022-12-08T00:00:00.000000Z,111.75,113.0,110.8,111.85,32416724
NSE:TATASTEEL,2022-12-09T00:00:00.000000Z,112.8,113.75,109.7,110.45,35665257
NSE:TATASTEEL,2022-12-12T00:00:00.000000Z,110.2,112.1,108.7,111.7,37082389
NSE:TATASTEEL,2022-12-13T00:00:00.000000Z,112.55,112.85,110.8,111.2,32264080
NSE:TATASTEEL,2022-12-14T00:00:00.000000Z,111.6,113.2,111.1,113.05,38606984
NSE:TATASTEEL,2022-12-15T00:00:00.000000Z,112.65,113.45,110.7,110.95,34361613
NSE:TATASTEEL,2022-12-16T00:00:00.000000Z,110.35,112.1,109.45,111.05,34736665
NSE:TATASTEEL,2022-12-19T00:00:00.000000Z,111.05,112.1,110.8,111.8,17297590
NSE:TATASTEEL,2022-12-20T00:00:00.000000Z,111.15,111.5,109.0,110.95,34836506
NSE:TATASTEEL,2022-12-21T00:00:00.000000Z,111.8,112.0,108.7,109.4,32303565
NSE:TATASTEEL,2022-12-22T00:00:00.000000Z,110.0,110.6,106.35,107.65,39639329
NSE:TATASTEEL,2022-12-23T00:00:00.000000Z,106.0,106.75,101.95,102.25,46756489
NSE:TATASTEEL,2022-12-26T00:00:00.000000Z,102.8,105.55,101.65,105.0,33995681
NSE:TATASTEEL,2022-12-27T00:00:00.000000Z,106.65,111.55,105.85,111.15,76033410
NSE:TATASTEEL,2022-12-28T00:00:00.000000Z,111.05,112.3,109.7,110.0,50660601
NSE:TATASTEEL,2022-12-29T00:00:00.000000Z,109.0,112.0,108.85,111.75,51751642
NSE:TATASTEEL,2022-12-30T00:00:00.000000Z,112.9,114.75,112.1,112.65,56048485
NSE:TATASTEEL,2023-01-02T00:00:00.000000Z,114.4,119.7,113.75,119.25,143444095
NSE:TATASTEEL,2023-01-03T00:00:00.000000Z,119.8,120.5,117.75,118.45,74419090
NSE:TATASTEEL,2023-01-04T00:00:00.000000Z,118.75,119.05,115.35,115.75,55634568
NSE:TATASTEEL,2023-01-05T00:00:00.000000Z,116.5,117.0,114.5,116.55,58806907
NSE:TATASTEEL,2023-01-06T00:00:00.000000Z,117.0,117.85,115.25,115.65,58551863
NSE:TATASTEEL,2023-01-09T00:00:00.000000Z,116.9,118.1,116.55,117.55,37763131
NSE:TATASTEEL,2023-01-10T00:00:00.000000Z,117.65,119.75,117.55,118.85,56750710
NSE:TATASTEEL,2023-01-11T00:00:00.000000Z,119.45,120.35,118.0,118.85,49321252
NSE:TATASTEEL,2023-01-12T00:00:00.000000Z,118.95,119.25,117.6,118.1,33740024
NSE:TATASTEEL,2023-01-13T00:00:00.000000Z,118.55,121.6,118.15,120.45,68884010
NSE:TATASTEEL,2023-01-16T00:00:00.000000Z,121.45,121.45,118.8,119.95,44362359
NSE:TATASTEEL,2023-01-17T00:00:00.000000Z,119.75,119.9,118.0,119.35,27880531
NSE:TATASTEEL,2023-01-18T00:00:00.000000Z,120.0,123.0,120.0,122.45,64749065
NSE:TATASTEEL,2023-01-19T00:00:00.000000Z,121.8,124.3,121.15,123.55,53564076
NSE:TATASTEEL,2023-01-20T00:00:00.000000Z,123.4,124.2,122.0,122.95,37784498
NSE:TATASTEEL,2023-01-23T00:00:00.000000Z,123.4,123.85,121.5,122.0,28601260
NSE:TATASTEEL,2023-01-24T00:00:00.000000Z,122.5,122.55,120.1,120.4,27707765
NSE:TATASTEEL,2023-01-25T00:00:00.000000Z,120.35,122.25,120.1,121.0,46522102
NSE:TATASTEEL,2023-01-27T00:00:00.000000Z,121.9,123.25,119.1,120.65,58771746
NSE:TATASTEEL,2023-01-30T00:00:00.000000Z,120.45,121.1,116.9,118.75,46551837
NSE:TATASTEEL,2023-01-31T00:00:00.000000Z,118.75,120.45,117.75,119.7,43986769
NSE:TATASTEEL,2023-02-01T00:00:00.000000Z,120.1,124.15,119.3,122.05,72919626
NSE:TATASTEEL,2023-02-02T00:00:00.000000Z,121.95,122.5,118.4,119.95,38768010
NSE:TATASTEEL,2023-02-03T00:00:00.000000Z,120.05,121.0,117.2,120.35,46977350
NSE:TATASTEEL,2023-02-06T00:00:00.000000Z,120.0,120.0,117.0,117.45,49546361
NSE:TATASTEEL,2023-02-07T00:00:00.000000Z,112.6,115.35,110.55,111.45,110953246
NSE:TATASTEEL,2023-02-08T00:00:00.000000Z,111.45,112.75,110.1,111.45,66523699
NSE:TATASTEEL,2023-02-09T00:00:00.000000Z,112.15,112.95,109.95,111.25,64710455
NSE:TATASTEEL,2023-02-10T00:00:00.000000Z,111.0,111.25,108.3,108.8,60810058
NSE:TATASTEEL,2023-02-13T00:00:00.000000Z,108.8,110.6,108.4,108.75,56186469
NSE:TATASTEEL,2023-02-14T00:00:00.000000Z,109.55,109.9,108.25,109.25,31163587
NSE:TATASTEEL,2023-02-15T00:00:00.000000Z,109.0,110.6,108.8,110.3,35544190
NSE:TATASTEEL,2023-02-16T00:00:00.000000Z,111.0,112.2,110.65,112.0,30956191
NSE:TATASTEEL,2023-02-17T00:00:00.000000Z,111.55,113.1,111.3,112.25,34107244
NSE:TATASTEEL,2023-02-20T00:00:00.000000Z,112.3,112.7,111.05,112.35,19896764
NSE:TATASTEEL,2023-02-21T00:00:00.000000Z,112.9,114.2,112.75,113.15,29830864
NSE:TATASTEEL,2023-02-22T00:00:00.000000Z,113.25,113.7,110.65,111.15,24391211
NSE:TATASTEEL,2023-02-23T00:00:00.000000Z,111.55,113.65,111.35,112.05,30845778
NSE:TATASTEEL,2023-02-24T00:00:00.000000Z,112.5,112.9,109.55,109.75,34326940
NSE:TATASTEEL,2023-02-27T00:00:00.000000Z,109.8,110.05,105.15,106.1,56217189
NSE:TATASTEEL,2023-02-28T00:00:00.000000Z,106.85,107.05,103.55,103.95,76540448
NSE:TATASTEEL,2023-03-01T00:00:00.000000Z,104.7,107.1,104.5,105.5,76175319
NSE:TATASTEEL,2023-03-02T00:00:00.000000Z,106.05,106.9,104.35,104.65,55276248
NSE:TATASTEEL,2023-03-03T00:00:00.000000Z,106.0,107.45,105.0,107.0,117175295
NSE:TATASTEEL,2023-03-06T00:00:00.000000Z,107.5,107.6,105.0,105.65,106868143
NSE:TATASTEEL,2023-03-08T00:00:00.000000Z,105.3,106.9,104.0,106.5,43939583
NSE:TATASTEEL,2023-03-09T00:00:00.000000Z,107.85,108.95,107.5,108.2,51967449
NSE:TATASTEEL,2023-03-10T00:00:00.000000Z,107.0,108.35,106.6,108.1,47699832
NSE:TATASTEEL,2023-03-13T00:00:00.000000Z,108.25,109.0,106.35,106.8,34552596
NSE:TATASTEEL,2023-03-14T00:00:00.000000Z,107.0,108.55,106.2,106.4,48584984
NSE:TATASTEEL,2023-03-15T00:00:00.000000Z,107.5,109.15,107.4,108.65,38930902
NSE:TATASTEEL,2023-03-16T00:00:00.000000Z,107.25,107.25,103.7,105.05,81088340
NSE:TATASTEEL,2023-03-17T00:00:00.000000Z,106.45,107.35,105.0,107.0,48962238
NSE:TATASTEEL,2023-03-20T00:00:00.000000Z,106.1,106.45,103.85,104.5,41569640
NSE:TATASTEEL,2023-03-21T00:00:00.000000Z,105.1,105.4,104.3,104.75,26434897
NSE:TATASTEEL,2023-03-22T00:00:00.000000Z,104.75,105.95,104.4,104.8,25891259
NSE:TATASTEEL,2023-03-23T00:00:00.000000Z,104.4,105.5,104.35,104.9,20913844
NSE:TATASTEEL,2023-03-24T00:00:00.000000Z,105.0,105.05,101.55,102.1,39014278
NSE:TATASTEEL,2023-03-27T00:00:00.000000Z,102.55,103.4,102.1,102.3,24753289
NSE:TATASTEEL,2023-03-28T00:00:00.000000Z,102.85,103.1,102.35,102.5,18703734
NSE:TATASTEEL,2023-03-29T00:00:00.000000Z,102.5,104.5,101.65,103.6,37221124
NSE:TATASTEEL,2023-03-31T00:00:00.000000Z,105.0,105.5,104.1,104.5,34579415
NSE:TATASTEEL,2023-04-03T00:00:00.000000Z,105.1,105.25,103.8,104.1,21840428
NSE:TATASTEEL,2023-04-05T00:00:00.000000Z,104.1,105.0,103.2,104.85,25194802
NSE:TATASTEEL,2023-04-06T00:00:00.000000Z,104.85,105.1,104.2,104.35,21053782
NSE:TATASTEEL,2023-04-10T00:00:00.000000Z,104.5,105.75,104.5,104.95,19992257
NSE:TATASTEEL,2023-04-11T00:00:00.000000Z,105.55,107.85,105.1,107.55,49304956
NSE:TATASTEEL,2023-04-12T00:00:00.000000Z,108.2,108.4,106.95,107.6,27349538
NSE:TATASTEEL,2023-04-13T00:00:00.000000Z,107.5,108.15,105.9,107.5,34880922
NSE:TATASTEEL,2023-04-17T00:00:00.000000Z,107.6,108.3,106.75,107.15,24642162
NSE:TATASTEEL,2023-04-18T00:00:00.000000Z,107.2,107.9,106.85,107.6,25476339
NSE:TATASTEEL,2023-04-19T00:00:00.000000Z,107.85,110.4,107.75,108.1,62100775
NSE:TATASTEEL,2023-04-20T00:00:00.000000Z,108.2,108.7,107.4,108.0,18337948
NSE:TATASTEEL,2023-04-21T00:00:00.000000Z,108.0,108.1,105.35,106.15,37638506
NSE:TATASTEEL,2023-04-24T00:00:00.000000Z,106.4,106.7,105.35,106.5,23475012
NSE:TATASTEEL,2023-04-25T00:00:00.000000Z,106.7,107.6,106.25,107.05,23333425
NSE:TATASTEEL,2023-04-26T00:00:00.000000Z,106.5,107.05,105.85,106.85,23590297
NSE:TATASTEEL,2023-04-27T00:00:00.000000Z,106.3,107.85,106.3,107.65,22364308
NSE:TATASTEEL,2023-04-28T00:00:00.000000Z,107.8,108.5,107.3,107.95,30072920
NSE:TATASTEEL,2023-05-02T00:00:00.000000Z,108.0,110.85,108.0,110.3,52822162
NSE:TATASTEEL,2023-05-03T00:00:00.000000Z,109.8,111.0,108.75,109.7,51272624
NSE:TATASTEEL,2023-05-04T00:00:00.000000Z,110.0,111.9,109.5,111.05,38636907
NSE:TATASTEEL,2023-05-05T00:00:00.000000Z,110.85,110.85,108.4,108.65,32958346
NSE:TATASTEEL,2023-05-08T00:00:00.000000Z,109.25,109.85,108.25,109.55,23130472
NSE:TATASTEEL,2023-05-09T00:00:00.000000Z,109.6,111.2,109.15,109.55,27999202
NSE:TATASTEEL,2023-05-10T00:00:00.000000Z,109.6,110.0,108.6,109.25,19213215
NSE:TATASTEEL,2023-05-11T00:00:00.000000Z,109.2,109.5,108.25,108.55,19817637
NSE:TATASTEEL,2023-05-12T00:00:00.000000Z,108.35,108.4,106.55,106.75,36794838
NSE:TATASTEEL,2023-05-15T00:00:00.000000Z,107.05,108.2,105.65,107.7,22148028
NSE:TATASTEEL,2023-05-16T00:00:00.000000Z,108.2,108.65,107.2,107.4,18587658
NSE:TATASTEEL,2023-05-17T00:00:00.000000Z,107.4,107.5,105.55,106.0,28895465
NSE:TATASTEEL,2023-05-18T00:00:00.000000Z,106.5,107.15,105.1,105.2,24208481
NSE:TATASTEEL,2023-05-19T00:00:00.000000Z,105.6,105.7,104.05,104.65,29848841
NSE:TATASTEEL,2023-05-22T00:00:00.000000Z,105.0,105.25,104.3,105.0,21588716
NSE:TATASTEEL,2023-05-23T00:00:00.000000Z,105.1,106.05,105.0,105.6,21304034
NSE:TATASTEEL,2023-05-24T00:00:00.000000Z,105.1,105.8,104.9,105.2,28454367
NSE:TATASTEEL,2023-05-25T00:00:00.000000Z,105.0,105.2,104.3,104.85,25885062
NSE:TATASTEEL,2023-05-26T00:00:00.000000Z,105.0,106.75,104.95,106.4,28362042
NSE:TATASTEEL,2023-05-29T00:00:00.000000Z,107.0,108.85,106.3,108.45,41062311
NSE:TATASTEEL,2023-05-30T00:00:00.000000Z,108.95,108.95,106.9,107.05,33475211
NSE:TATASTEEL,2023-05-31T00:00:00.000000Z,106.4,106.95,105.6,105.8,41249944
NSE:TATASTEEL,2023-06-01T00:00:00.000000Z,105.9,106.7,105.8,105.95,21211538
NSE:TATASTEEL,2023-06-02T00:00:00.000000Z,106.5,108.3,106.5,108.0,46686933
NSE:TATASTEEL,2023-06-05T00:00:00.000000Z,108.65,109.9,107.8,109.4,39642539
NSE:TATASTEEL,2023-06-06T00:00:00.000000Z,109.75,109.85,108.3,109.0,26751372
NSE:TATASTEEL,2023-06-07T00:00:00.000000Z,109.5,111.75,108.9,111.5,45157197
NSE:TATASTEEL,2023-06-08T00:00:00.000000Z,111.5,113.0,110.95,111.15,46380294
NSE:TATASTEEL,2023-06-09T00:00:00.000000Z,111.25,111.65,108.65,108.9,36392617
NSE:TATASTEEL,2023-06-12T00:00:00.000000Z,109.15,110.6,109.15,109.5,23472313
NSE:TATASTEEL,2023-06-13T00:00:00.000000Z,110.0,111.85,109.65,111.15,30018212
NSE:TATASTEEL,2023-06-14T00:00:00.000000Z,111.5,114.0,111.4,113.8,66696433
NSE:TATASTEEL,2023-06-15T00:00:00.000000Z,113.9,114.2,113.25,113.75,39430138
NSE:TATASTEEL,2023-06-16T00:00:00.000000Z,114.4,114.8,113.85,114.25,31715807
NSE:TATASTEEL,2023-06-19T00:00:00.000000Z,115.45,115.6,113.05,114.1,33502185
NSE:TATASTEEL,2023-06-20T00:00:00.000000Z,114.1,115.25,113.5,114.25,30371599
NSE:TATASTEEL,2023-06-21T00:00:00.000000Z,114.9,114.9,112.85,113.9,35627983
NSE:TATASTEEL,2023-06-22T00:00:00.000000Z,110.6,112.2,110.55,111.1,34769987
NSE:TATASTEEL,2023-06-23T00:00:00.000000Z,110.5,110.75,109.2,109.6,22190233
NSE:TATASTEEL,2023-06-26T00:00:00.000000Z,109.6,110.2,108.1,109.85,25332751
NSE:TATASTEEL,2023-06-27T00:00:00.000000Z,110.6,111.5,110.15,110.75,24129403
NSE:TATASTEEL,2023-06-28T00:00:00.000000Z,111.5,112.05,110.9,111.55,23895274
NSE:TATASTEEL,2023-06-30T00:00:00.000000Z,111.6,112.2,110.4,112.0,26741918
NSE:TATASTEEL,2023-07-03T00:00:00.000000Z,112.25,114.25,112.05,113.1,30979256
NSE:TATASTEEL,2023-07-04T00:00:00.000000Z,113.2,113.4,112.1,112.4,25080307
NSE:TATASTEEL,2023-07-05T00:00:00.000000Z,112.55,113.55,112.2,112.95,27877180
NSE:TATASTEEL,2023-07-06T00:00:00.000000Z,112.0,112.85,111.5,112.65,34320086
NSE:TATASTEEL,2023-07-07T00:00:00.000000Z,112.0,113.3,111.25,111.6,30034274
NSE:TATASTEEL,2023-07-10T00:00:00.000000Z,112.25,115.7,111.65,115.3,60652690
NSE:TATASTEEL,2023-07-11T00:00:00.000000Z,115.6,116.1,114.8,115.15,37999385
NSE:TATASTEEL,2023-07-12T00:00:00.000000Z,115.15,116.05,114.0,114.7,32771204
NSE:TATASTEEL,2023-07-13T00:00:00.000000Z,116.0,116.95,114.5,114.85,44847814
NSE:TATASTEEL,2023-07-14T00:00:00.000000Z,115.7,117.9,114.8,117.15,34521821
NSE:TATASTEEL,2023-07-17T00:00:00.000000Z,117.95,119.35,117.1,117.75,49115369
NSE:TATASTEEL,2023-07-18T00:00:00.000000Z,118.0,118.15,116.4,116.6,23433431
NSE:TATASTEEL,2023-07-19T00:00:00.000000Z,116.7,117.2,116.1,116.7,17222355
NSE:TATASTEEL,2023-07-20T00:00:00.000000Z,116.7,117.25,116.35,116.95,22303831
NSE:TATASTEEL,2023-07-21T00:00:00.000000Z,116.6,117.95,115.5,116.6,31546136
NSE:TATASTEEL,2023-07-24T00:00:00.000000Z,116.5,116.5,114.35,115.5,38113555
NSE:TATASTEEL,2023-07-25T00:00:00.000000Z,115.0,119.9,114.35,119.25,88035259
NSE:TATASTEEL,2023-07-26T00:00:00.000000Z,119.8,120.6,118.85,119.95,29716336
NSE:TATASTEEL,2023-07-27T00:00:00.000000Z,120.25,121.45,119.15,119.8,39664251
NSE:TATASTEEL,2023-07-28T00:00:00.000000Z,120.2,121.1,118.7,120.6,33996691
NSE:TATASTEEL,2023-07-31T00:00:00.000000Z,120.6,123.85,120.6,123.15,52330311
NSE:TATASTEEL,2023-08-01T00:00:00.000000Z,123.55,124.15,122.55,123.2,27863562
NSE:TATASTEEL,2023-08-02T00:00:00.000000Z,122.9,122.9,118.25,118.95,54951586
NSE:TATASTEEL,2023-08-03T00:00:00.000000Z,118.7,119.65,117.5,118.2,34624188
NSE:TATASTEEL,2023-08-04T00:00:00.000000Z,119.4,119.75,118.0,119.0,22303966
NSE:TATASTEEL,2023-08-07T00:00:00.000000Z,119.6,119.6,118.0,118.85,20711952
NSE:TATASTEEL,2023-08-08T00:00:00.000000Z,119.0,119.5,117.95,118.15,21275054
NSE:TATASTEEL,2023-08-09T00:00:00.000000Z,118.35,120.5,116.9,120.2,34154214
NSE:TATASTEEL,2023-08-10T00:00:00.000000Z,120.0,120.65,119.25,120.0,24439101
NSE:TATASTEEL,2023-08-11T00:00:00.000000Z,120.3,121.4,119.15,120.3,26337436
NSE:TATASTEEL,2023-08-14T00:00:00.000000Z,120.3,120.4,117.35,118.15,33095516
NSE:TATASTEEL,2023-08-16T00:00:00.000000Z,117.95,117.95,115.4,115.95,31252473
NSE:TATASTEEL,2023-08-17T00:00:00.000000Z,115.9,116.8,114.7,116.05,28461865
NSE:TATASTEEL,2023-08-18T00:00:00.000000Z,116.3,116.4,114.75,115.8,30381609
NSE:TATASTEEL,2023-08-21T00:00:00.000000Z,116.75,117.1,115.85,116.9,22629651
NSE:TATASTEEL,2023-08-22T00:00:00.000000Z,117.15,117.75,116.5,117.55,17343131
NSE:TATASTEEL,2023-08-23T00:00:00.000000Z,117.85,119.25,117.65,118.95,43744909
NSE:TATASTEEL,2023-08-24T00:00:00.000000Z,119.5,120.1,118.05,118.25,27103446
NSE:TATASTEEL,2023-08-25T00:00:00.000000Z,118.0,118.15,116.7,116.9,23692527
NSE:TATASTEEL,2023-08-28T00:00:00.000000Z,117.0,118.25,117.0,117.6,19218821
NSE:TATASTEEL,2023-08-29T00:00:00.000000Z,118.5,120.15,117.75,119.55,36038317
NSE:TATASTEEL,2023-08-30T00:00:00.000000Z,120.5,122.7,120.25,122.1,51467177
NSE:TATASTEEL,2023-08-31T00:00:00.000000Z,122.85,123.6,122.15,122.9,60626985
NSE:TATASTEEL,2023-09-01T00:00:00.000000Z,123.5,128.7,123.4,127.05,76460408
NSE:TATASTEEL,2023-09-04T00:00:00.000000Z,129.2,132.9,128.85,131.75,68525900
NSE:TATASTEEL,2023-09-05T00:00:00.000000Z,131.75,132.45,128.85,131.7,36466807
NSE:TATASTEEL,2023-09-06T00:00:00.000000Z,132.4,132.4,128.2,129.6,36058850
NSE:TATASTEEL,2023-09-07T00:00:00.000000Z,129.5,130.8,128.6,130.15,30268235
NSE:TATASTEEL,2023-09-08T00:00:00.000000Z,131.4,131.65,129.2,129.5,34313523
NSE:TATASTEEL,2023-09-11T00:00:00.000000Z,129.5,131.85,129.2,131.15,33377857
NSE:TATASTEEL,2023-09-12T00:00:00.000000Z,132.8,133.15,128.65,129.0,38065283
NSE:TATASTEEL,2023-09-13T00:00:00.000000Z,129.6,130.5,127.7,129.55,23371459
NSE:TATASTEEL,2023-09-14T00:00:00.000000Z,131.0,134.2,130.8,131.7,58800620
NSE:TATASTEEL,2023-09-15T00:00:00.000000Z,132.6,133.3,129.85,131.95,85058495
NSE:TATASTEEL,2023-09-18T00:00:00.000000Z,135.0,135.0,130.05,130.45,62420823
NSE:TATASTEEL,2023-09-20T00:00:00.000000Z,130.45,131.8,128.0,128.3,43627379
NSE:TATASTEEL,2023-09-21T00:00:00.000000Z,128.3,129.25,127.2,127.8,29826091
NSE:TATASTEEL,2023-09-22T00:00:00.000000Z,127.15,128.7,125.5,126.75,34059194
NSE:TATASTEEL,2023-09-25T00:00:00.000000Z,127.3,128.3,126.1,127.4,23466981
NSE:TATASTEEL,2023-09-26T00:00:00.000000Z,129.0,130.55,128.4,128.9,48936598
NSE:TATASTEEL,2023-09-27T00:00:00.000000Z,128.75,128.75,126.7,128.15,33277329
NSE:TATASTEEL,2023-09-28T00:00:00.000000Z,128.35,129.3,126.3,126.8,29982233
NSE:TATASTEEL,2023-09-29T00:00:00.000000Z,128.2,129.55,127.55,128.9,28406435
NSE:TATASTEEL,2023-10-03T00:00:00.000000Z,129.0,129.1,127.25,128.0,18613557
NSE:TATASTEEL,2023-10-04T00:00:00.000000Z,127.0,127.1,124.5,125.3,33272725
NSE:TATASTEEL,2023-10-05T00:00:00.000000Z,125.9,126.15,124.55,125.25,27063441
NSE:TATASTEEL,2023-10-06T00:00:00.000000Z,126.5,127.0,125.1,125.9,21928671
NSE:TATASTEEL,2023-10-09T00:00:00.000000Z,124.8,124.9,122.6,123.85,21457836
NSE:TATASTEEL,2023-10-10T00:00:00.000000Z,124.7,125.9,123.75,125.3,28745957
NSE:TATASTEEL,2023-10-11T00:00:00.000000Z,126.0,126.3,124.7,124.95,24455932
NSE:TATASTEEL,2023-10-12T00:00:00.000000Z,125.35,126.9,125.1,125.9,19361688
NSE:TATASTEEL,2023-10-13T00:00:00.000000Z,125.0,125.75,124.0,125.05,26912800
NSE:TATASTEEL,2023-10-16T00:00:00.000000Z,125.1,127.25,124.95,127.0,23868700
NSE:TATASTEEL,2023-10-17T00:00:00.000000Z,127.9,128.55,127.0,127.4,24241710
NSE:TATASTEEL,2023-10-18T00:00:00.000000Z,127.85,128.7,126.6,127.1,20926079
NSE:TATASTEEL,2023-10-19T00:00:00.000000Z,125.5,126.5,124.35,126.0,30941319
NSE:TATASTEEL,2023-10-20T00:00:00.000000Z,125.0,125.75,122.7,123.1,30746140
NSE:TATASTEEL,2023-10-23T00:00:00.000000Z,123.35,123.4,119.7,120.0,30699479
NSE:TATASTEEL,2023-10-25T00:00:00.000000Z,121.2,122.8,120.75,121.35,27346103
NSE:TATASTEEL,2023-10-26T00:00:00.000000Z,120.85,120.9,118.9,119.9,36298907
NSE:TATASTEEL,2023-10-27T00:00:00.000000Z,120.5,121.8,119.5,119.9,28424007
NSE:TATASTEEL,2023-10-30T00:00:00.000000Z,121.05,121.25,118.95,119.15,18753217
NSE:TATASTEEL,2023-10-31T00:00:00.000000Z,120.0,120.15,118.4,118.75,22319950
NSE:TATASTEEL,2023-11-01T00:00:00.000000Z,119.0,119.1,116.0,116.6,24717941
NSE:TATASTEEL,2023-11-02T00:00:00.000000Z,114.6,118.55,114.6,118.1,72538804
NSE:TATASTEEL,2023-11-03T00:00:00.000000Z,118.2,118.6,117.1,117.3,31747230
NSE:TATASTEEL,2023-11-06T00:00:00.000000Z,118.5,119.65,117.5,119.4,27883152
NSE:TATASTEEL,2023-11-07T00:00:00.000000Z,119.3,120.2,118.4,119.65,25818033
NSE:TATASTEEL,2023-11-08T00:00:00.000000Z,119.75,120.5,118.55,119.05,22552386
NSE:TATASTEEL,2023-11-09T00:00:00.000000Z,119.2,120.5,118.85,119.65,22979112
NSE:TATASTEEL,2023-11-10T00:00:00.000000Z,119.5,120.45,118.8,120.05,23584510
NSE:TATASTEEL,2023-11-13T00:00:00.000000Z,120.85,121.25,119.9,121.0,17951775
NSE:TATASTEEL,2023-11-15T00:00:00.000000Z,121.7,124.4,121.5,124.05,38344393
NSE:TATASTEEL,2023-11-16T00:00:00.000000Z,124.0,125.25,123.0,124.7,30836413
NSE:TATASTEEL,2023-11-17T00:00:00.000000Z,124.7,125.75,124.3,125.2,23319439
NSE:TATASTEEL,2023-11-20T00:00:00.000000Z,125.05,125.65,124.05,124.35,18780290
NSE:TATASTEEL,2023-11-21T00:00:00.000000Z,125.05,126.4,124.95,126.25,29643312
NSE:TATASTEEL,2023-11-22T00:00:00.000000Z,126.4,126.9,125.5,126.1,19588063
NSE:TATASTEEL,2023-11-23T00:00:00.000000Z,126.35,127.4,125.9,126.7,30736851
NSE:TATASTEEL,2023-11-24T00:00:00.000000Z,126.7,127.0,125.55,125.95,14719450
NSE:TATASTEEL,2023-11-28T00:00:00.000000Z,127.0,127.0,126.0,126.85,18377843
NSE:TATASTEEL,2023-11-29T00:00:00.000000Z,127.15,128.15,126.7,127.75,23092165
NSE:TATASTEEL,2023-11-30T00:00:00.000000Z,127.8,128.85,126.5,127.9,40165104
NSE:TATASTEEL,2023-12-01T00:00:00.000000Z,128.9,130.3,128.05,130.0,31192397
NSE:TATASTEEL,2023-12-04T00:00:00.000000Z,132.2,132.35,130.4,131.0,41230928
NSE:TATASTEEL,2023-12-05T00:00:00.000000Z,131.0,132.45,130.0,131.6,35192149
NSE:TATASTEEL,2023-12-06T00:00:00.000000Z,132.5,133.4,130.8,131.85,40753593
NSE:TATASTEEL,2023-12-07T00:00:00.000000Z,131.7,132.2,129.8,130.0,34686333
NSE:TATASTEEL,2023-12-08T00:00:00.000000Z,130.15,131.4,127.95,129.2,34393711
NSE:TATASTEEL,2023-12-11T00:00:00.000000Z,129.85,130.5,128.75,130.05,24038059
NSE:TATASTEEL,2023-12-12T00:00:00.000000Z,130.05,132.15,129.7,130.1,30696410
NSE:TATASTEEL,2023-12-13T00:00:00.000000Z,130.55,131.5,129.15,131.4,22767972
NSE:TATASTEEL,2023-12-14T00:00:00.000000Z,132.3,133.25,131.5,132.0,43372143
NSE:TATASTEEL,2023-12-15T00:00:00.000000Z,133.4,136.75,133.0,136.45,77377446
NSE:TATASTEEL,2023-12-18T00:00:00.000000Z,136.85,137.6,135.1,136.6,38461877
NSE:TATASTEEL,2023-12-19T00:00:00.000000Z,136.65,137.6,134.8,135.4,27726431
NSE:TATASTEEL,2023-12-20T00:00:00.000000Z,135.9,136.15,128.75,129.75,39495961
NSE:TATASTEEL,2023-12-21T00:00:00.000000Z,128.7,131.45,127.85,131.0,34914399
NSE:TATASTEEL,2023-12-22T00:00:00.000000Z,132.4,134.75,131.75,133.55,37357334
NSE:TATASTEEL,2023-12-26T00:00:00.000000Z,134.7,136.1,134.45,135.2,25936447
NSE:TATASTEEL,2023-12-27T00:00:00.000000Z,135.85,138.9,135.5,137.2,48101400
NSE:TATASTEEL,2023-12-28T00:00:00.000000Z,138.15,138.75,136.85,138.15,34661176
NSE:TATASTEEL,2023-12-29T00:00:00.000000Z,138.6,141.25,137.15,139.6,49202910
NSE:TATASTEEL,2024-01-01T00:00:00.000000Z,140.0,140.95,139.05,139.85,21186105
NSE:TATASTEEL,2024-01-02T00:00:00.000000Z,140.5,140.6,137.05,139.6,27764060
NSE:TATASTEEL,2024-01-03T00:00:00.000000Z,139.5,139.6,134.35,135.35,45176618
NSE:TATASTEEL,2024-01-04T00:00:00.000000Z,136.0,136.35,134.0,134.25,43913498
NSE:TATASTEEL,2024-01-05T00:00:00.000000Z,135.0,135.95,132.85,133.65,71330190
NSE:TATASTEEL,2024-01-08T00:00:00.000000Z,135.3,135.95,131.75,132.0,39559717
NSE:TATASTEEL,2024-01-09T00:00:00.000000Z,133.5,134.8,132.5,133.65,30736868
NSE:TATASTEEL,2024-01-10T00:00:00.000000Z,133.8,134.7,132.1,134.1,27213624
NSE:TATASTEEL,2024-01-11T00:00:00.000000Z,134.85,135.65,134.2,134.9,23113349
NSE:TATASTEEL,2024-01-12T00:00:00.000000Z,135.8,136.25,134.65,135.3,32883921
NSE:TATASTEEL,2024-01-15T00:00:00.000000Z,136.0,136.25,133.95,134.9,34158775
NSE:TATASTEEL,2024-01-16T00:00:00.000000Z,134.7,138.5,134.0,137.25,56361287
NSE:TATASTEEL,2024-01-17T00:00:00.000000Z,135.45,135.75,131.4,131.65,58982971
NSE:TATASTEEL,2024-01-18T00:00:00.000000Z,131.65,132.25,128.2,131.0,45273496
NSE:TATASTEEL,2024-01-19T00:00:00.000000Z,132.6,134.7,131.6,134.25,32653013
NSE:TATASTEEL,2024-01-23T00:00:00.000000Z,134.8,135.2,129.3,130.1,35373970
NSE:TATASTEEL,2024-01-24T00:00:00.000000Z,130.2,135.55,130.1,135.15,39340119
NSE:TATASTEEL,2024-01-25T00:00:00.000000Z,136.5,136.5,132.0,133.75,61358839
NSE:TATASTEEL,2024-01-29T00:00:00.000000Z,134.7,135.4,133.5,135.0,29745400
NSE:TATASTEEL,2024-01-30T00:00:00.000000Z,135.6,137.7,134.5,134.7,35704185
NSE:TATASTEEL,2024-01-31T00:00:00.000000Z,135.0,136.7,134.5,135.95,36079354
NSE:TATASTEEL,2024-02-01T00:00:00.000000Z,136.4,136.75,134.5,134.8,31701793
NSE:TATASTEEL,2024-02-02T00:00:00.000000Z,135.3,139.6,134.8,138.7,69296192
NSE:TATASTEEL,2024-02-05T00:00:00.000000Z,140.0,143.35,139.35,141.55,80737626
NSE:TATASTEEL,2024-02-06T00:00:00.000000Z,143.0,145.1,140.45,144.65,53192936
NSE:TATASTEEL,2024-02-07T00:00:00.000000Z,146.85,147.4,144.05,144.4,61517064
NSE:TATASTEEL,2024-02-08T00:00:00.000000Z,145.3,145.65,143.05,143.65,38997666
NSE:TATASTEEL,2024-02-09T00:00:00.000000Z,144.2,144.45,139.15,141.3,35961925
NSE:TATASTEEL,2024-02-12T00:00:00.000000Z,142.0,142.95,136.65,137.4,36477544
NSE:TATASTEEL,2024-02-13T00:00:00.000000Z,137.75,138.25,134.1,137.85,39155909
NSE:TATASTEEL,2024-02-14T00:00:00.000000Z,137.0,141.5,135.75,141.2,29141690
NSE:TATASTEEL,2024-02-15T00:00:00.000000Z,141.5,143.45,141.0,141.2,31587387
NSE:TATASTEEL,2024-02-16T00:00:00.000000Z,142.05,143.45,141.5,142.3,22316127
NSE:TATASTEEL,2024-02-19T00:00:00.000000Z,142.95,143.35,141.35,141.95,16973568
NSE:TATASTEEL,2024-02-20T00:00:00.000000Z,141.95,142.25,140.05,141.05,24291123
NSE:TATASTEEL,2024-02-21T00:00:00.000000Z,141.55,146.2,141.45,143.9,88000833
NSE:TATASTEEL,2024-02-22T00:00:00.000000Z,145.0,146.15,143.5,145.9,46728176
NSE:TATASTEEL,2024-02-23T00:00:00.000000Z,146.4,147.1,145.0,145.45,28414697
NSE:TATASTEEL,2024-02-26T00:00:00.000000Z,145.85,145.95,142.25,142.65,22570277
NSE:TATASTEEL,2024-02-27T00:00:00.000000Z,142.65,144.5,142.0,144.2,24119469
NSE:TATASTEEL,2024-02-28T00:00:00.000000Z,144.05,144.95,140.05,140.75,20721926
NSE:TATASTEEL,2024-02-29T00:00:00.000000Z,140.8,141.85,139.4,140.85,32248156
NSE:TATASTEEL,2024-03-01T00:00:00.000000Z,143.0,150.65,143.0,149.95,123709943
NSE:TATASTEEL,2024-03-04T00:00:00.000000Z,154.9,154.9,151.05,153.1,67577785
NSE:TATASTEEL,2024-03-05T00:00:00.000000Z,153.2,154.0,150.75,151.85,37165490
NSE:TATASTEEL,2024-03-06T00:00:00.000000Z,151.8,152.65,147.9,151.6,51782444
NSE:TATASTEEL,2024-03-07T00:00:00.000000Z,152.4,159.15,152.25,157.25,124847699
NSE:TATASTEEL,2024-03-11T00:00:00.000000Z,158.9,158.9,153.0,153.45,54155385
NSE:TATASTEEL,2024-03-12T00:00:00.000000Z,154.2,154.55,150.9,152.5,34947937
NSE:TATASTEEL,2024-03-13T00:00:00.000000Z,152.8,152.9,142.5,143.65,70937597
NSE:TATASTEEL,2024-03-14T00:00:00.000000Z,143.6,143.95,138.35,142.45,91956952
NSE:TATASTEEL,2024-03-15T00:00:00.000000Z,142.9,143.7,139.85,141.7,68482621
NSE:TATASTEEL,2024-03-18T00:00:00.000000Z,142.55,150.25,142.2,149.7,166913078
NSE:TATASTEEL,2024-03-19T00:00:00.000000Z,149.0,152.45,147.6,148.75,105004268
NSE:TATASTEEL,2024-03-20T00:00:00.000000Z,149.6,150.65,143.85,145.65,77550319
NSE:TATASTEEL,2024-03-21T00:00:00.000000Z,148.0,151.2,147.8,150.1,84225737
NSE:TATASTEEL,2024-03-22T00:00:00.000000Z,149.0,152.75,148.35,151.8,68241556
NSE:TATASTEEL,2024-03-26T00:00:00.000000Z,151.15,153.4,150.5,152.4,52965508
NSE:TATASTEEL,2024-03-27T00:00:00.000000Z,152.45,154.1,152.0,152.7,35328794
NSE:TATASTEEL,2024-03-28T00:00:00.000000Z,152.7,157.0,152.7,155.85,62575327
NSE:TATASTEEL,2024-04-01T00:00:00.000000Z,156.8,163.9,156.5,163.15,84583929
NSE:TATASTEEL,2024-04-02T00:00:00.000000Z,162.95,165.5,161.8,164.65,69533405
NSE:TATASTEEL,2024-04-03T00:00:00.000000Z,164.65,166.25,163.1,163.65,50938559
NSE:TATASTEEL,2024-04-04T00:00:00.000000Z,165.55,165.95,161.0,163.4,61094750
NSE:TATASTEEL,2024-04-05T00:00:00.000000Z,163.9,164.15,160.8,163.35,44668121
NSE:TATASTEEL,2024-04-08T00:00:00.000000Z,166.95,166.95,164.2,165.2,48255703
NSE:TATASTEEL,2024-04-09T00:00:00.000000Z,166.0,169.8,165.2,166.0,63884687
NSE:TATASTEEL,2024-04-10T00:00:00.000000Z,167.3,169.2,164.5,165.05,64134758
NSE:TATASTEEL,2024-04-12T00:00:00.000000Z,166.0,166.0,163.0,163.5,55317636
NSE:TATASTEEL,2024-04-15T00:00:00.000000Z,161.8,164.7,158.6,160.85,66426404
NSE:TATASTEEL,2024-04-16T00:00:00.000000Z,160.85,162.45,159.0,160.05,41391261
NSE:TATASTEEL,2024-04-18T00:00:00.000000Z,160.9,164.0,159.15,160.05,68093672
NSE:TATASTEEL,2024-04-19T00:00:00.000000Z,160.0,162.5,157.3,162.1,60078229
NSE:TATASTEEL,2024-04-22T00:00:00.000000Z,163.8,164.7,161.5,161.85,39304790
NSE:TATASTEEL,2024-04-23T00:00:00.000000Z,163.5,163.5,160.8,161.15,30295177
NSE:TATASTEEL,2024-04-24T00:00:00.000000Z,162.45,166.9,161.45,165.55,59894921
NSE:TATASTEEL,2024-04-25T00:00:00.000000Z,165.4,168.0,164.15,167.7,50128523
NSE:TATASTEEL,2024-04-26T00:00:00.000000Z,168.0,170.7,165.25,165.8,65355111
NSE:TATASTEEL,2024-04-29T00:00:00.000000Z,168.2,169.6,166.9,167.4,44906151
NSE:TATASTEEL,2024-04-30T00:00:00.000000Z,168.4,168.4,164.5,165.0,55043389
NSE:TATASTEEL,2024-05-02T00:00:00.000000Z,165.0,168.9,165.0,167.35,69320283
NSE:TATASTEEL,2024-05-03T00:00:00.000000Z,168.95,170.75,165.15,166.5,62573586
NSE:TATASTEEL,2024-05-06T00:00:00.000000Z,167.95,168.65,164.7,167.6,37621296
NSE:TATASTEEL,2024-05-07T00:00:00.000000Z,167.95,167.95,162.3,164.25,43611824
NSE:TATASTEEL,2024-05-08T00:00:00.000000Z,164.2,167.1,163.5,166.05,30128705
NSE:TATASTEEL,2024-05-09T00:00:00.000000Z,165.95,166.7,161.5,161.9,30223088
NSE:TATASTEEL,2024-05-10T00:00:00.000000Z,163.2,164.35,161.85,162.25,31472419
NSE:TATASTEEL,2024-05-13T00:00:00.000000Z,162.45,164.5,158.05,163.85,36561003
NSE:TATASTEEL,2024-05-14T00:00:00.000000Z,164.1,166.55,163.5,164.95,46261468
NSE:TATASTEEL,2024-05-15T00:00:00.000000Z,164.95,167.55,164.95,165.6,29601304
NSE:TATASTEEL,2024-05-16T00:00:00.000000Z,167.25,168.0,162.3,165.9,41126570
NSE:TATASTEEL,2024-05-17T00:00:00.000000Z,166.6,168.45,165.45,167.35,39181277
NSE:TATASTEEL,2024-05-21T00:00:00.000000Z,168.5,175.2,167.95,174.35,84833644
NSE:TATASTEEL,2024-05-22T00:00:00.000000Z,175.45,175.5,171.5,173.3,42919832
NSE:TATASTEEL,2024-05-23T00:00:00.000000Z,173.05,175.8,170.5,175.5,49377680
NSE:TATASTEEL,2024-05-24T00:00:00.000000Z,174.95,177.55,174.15,174.85,38674485
NSE:TATASTEEL,2024-05-27T00:00:00.000000Z,177.7,177.7,174.85,175.5,30410585
NSE:TATASTEEL,2024-05-28T00:00:00.000000Z,175.9,177.5,173.45,174.9,39208456
NSE:TATASTEEL,2024-05-29T00:00:00.000000Z,174.75,176.0,173.5,174.25,36575550
NSE:TATASTEEL,2024-05-30T00:00:00.000000Z,172.0,172.0,163.35,164.15,108813875
NSE:TATASTEEL,2024-05-31T00:00:00.000000Z,166.05,167.95,164.0,167.2,83713848
NSE:TATASTEEL,2024-06-03T00:00:00.000000Z,173.25,175.0,168.85,174.25,86397540
NSE:TATASTEEL,2024-06-04T00:00:00.000000Z,174.5,174.65,148.15,158.95,125042158
NSE:TATASTEEL,2024-06-05T00:00:00.000000Z,162.15,169.6,159.0,169.2,60098501
NSE:TATASTEEL,2024-06-06T00:00:00.000000Z,170.0,174.7,169.4,172.05,57920819
NSE:TATASTEEL,2024-06-07T00:00:00.000000Z,172.0,179.65,170.8,178.9,84319867
NSE:TATASTEEL,2024-06-10T00:00:00.000000Z,180.21,182.1,177.36,180.29,74286848
NSE:TATASTEEL,2024-06-11T00:00:00.000000Z,180.5,183.75,180.5,181.33,55555544
NSE:TATASTEEL,2024-06-12T00:00:00.000000Z,182.25,183.87,181.5,182.23,33304643
NSE:TATASTEEL,2024-06-13T00:00:00.000000Z,183.4,184.1,180.51,182.56,36669164
NSE:TATASTEEL,2024-06-14T00:00:00.000000Z,182.95,183.5,181.4,183.15,28509237
NSE:TATASTEEL,2024-06-18T00:00:00.000000Z,183.8,184.6,180.6,181.12,35032118
NSE:TATASTEEL,2024-06-19T00:00:00.000000Z,182.45,182.49,179.31,180.02,27476795
NSE:TATASTEEL,2024-06-20T00:00:00.000000Z,181.6,182.95,179.37,182.28,38837494
NSE:TATASTEEL,2024-06-21T00:00:00.000000Z,179.4,180.9,178.18,179.94,65494855
NSE:TATASTEEL,2024-06-24T00:00:00.000000Z,177.44,178.95,175.1,177.96,47597307
NSE:TATASTEEL,2024-06-25T00:00:00.000000Z,177.99,179.0,175.25,175.68,30599989
NSE:TATASTEEL,2024-06-26T00:00:00.000000Z,175.68,176.0,171.84,172.56,44006436
NSE:TATASTEEL,2024-06-27T00:00:00.000000Z,172.56,174.95,171.8,174.16,49767976
NSE:TATASTEEL,2024-06-28T00:00:00.000000Z,174.17,177.1,173.57,174.01,37521949
NSE:TATASTEEL,2024-07-01T00:00:00.000000Z,174.5,175.99,173.51,174.07,27807688
NSE:TATASTEEL,2024-07-02T00:00:00.000000Z,174.47,175.75,173.6,174.54,33359495
NSE:TATASTEEL,2024-07-03T00:00:00.000000Z,174.54,176.88,174.4,176.37,29090492
NSE:TATASTEEL,2024-07-04T00:00:00.000000Z,177.0,178.19,175.82,176.29,29504744
NSE:TATASTEEL,2024-07-05T00:00:00.000000Z,176.2,176.2,173.4,174.71,38123217
NSE:TATASTEEL,2024-07-08T00:00:00.000000Z,174.6,175.47,172.09,172.28,31479861
NSE:TATASTEEL,2024-07-09T00:00:00.000000Z,173.6,173.7,171.51,171.8,25127904
NSE:TATASTEEL,2024-07-10T00:00:00.000000Z,172.5,172.89,167.02,167.98,41525591
NSE:TATASTEEL,2024-07-11T00:00:00.000000Z,170.0,170.95,168.67,168.92,33987236
NSE:TATASTEEL,2024-07-12T00:00:00.000000Z,170.2,170.39,168.01,168.69,33311402
NSE:TATASTEEL,2024-07-15T00:00:00.000000Z,168.69,168.99,165.8,166.76,32635187
NSE:TATASTEEL,2024-07-16T00:00:00.000000Z,167.8,169.82,166.7,167.07,26505901
NSE:TATASTEEL,2024-07-18T00:00:00.000000Z,167.61,167.61,164.44,166.36,36568852
NSE:TATASTEEL,2024-07-19T00:00:00.000000Z,166.0,166.09,157.2,157.77,77987514
NSE:TATASTEEL,2024-07-22T00:00:00.000000Z,158.4,160.7,156.41,160.32,40353690
NSE:TATASTEEL,2024-07-23T00:00:00.000000Z,161.6,161.97,155.0,160.02,37077411
NSE:TATASTEEL,2024-07-24T00:00:00.000000Z,160.02,162.02,159.19,160.31,28086566
NSE:TATASTEEL,2024-07-25T00:00:00.000000Z,158.5,158.5,156.9,157.39,45155876
NSE:TATASTEEL,2024-07-26T00:00:00.000000Z,158.75,162.95,158.21,162.55,45642032
NSE:TATASTEEL,2024-07-29T00:00:00.000000Z,164.7,164.7,162.33,162.87,31754833
NSE:TATASTEEL,2024-07-30T00:00:00.000000Z,162.9,165.3,161.31,164.07,42824600
NSE:TATASTEEL,2024-07-31T00:00:00.000000Z,166.29,166.5,163.55,165.33,52769925
NSE:TATASTEEL,2024-08-01T00:00:00.000000Z,168.2,168.95,160.9,163.06,118341338
NSE:TATASTEEL,2024-08-02T00:00:00.000000Z,161.0,161.19,154.72,158.22,72427529
NSE:TATASTEEL,2024-08-05T00:00:00.000000Z,153.66,154.0,149.0,149.82,102883971
NSE:TATASTEEL,2024-08-06T00:00:00.000000Z,151.21,153.8,149.61,150.32,53507102
NSE:TATASTEEL,2024-08-07T00:00:00.000000Z,153.7,154.3,151.9,153.86,32029697
NSE:TATASTEEL,2024-08-08T00:00:00.000000Z,153.4,153.44,150.0,150.28,51858615
NSE:TATASTEEL,2024-08-09T00:00:00.000000Z,153.0,153.0,151.25,151.81,23290101
NSE:TATASTEEL,2024-08-12T00:00:00.000000Z,151.0,153.4,149.88,152.06,30550334
NSE:TATASTEEL,2024-08-13T00:00:00.000000Z,152.1,152.95,148.5,148.88,29396493
NSE:TATASTEEL,2024-08-14T00:00:00.000000Z,149.9,149.9,142.35,146.17,97911180
NSE:TATASTEEL,2024-08-16T00:00:00.000000Z,148.0,150.0,146.46,149.52,54131721
NSE:TATASTEEL,2024-08-19T00:00:00.000000Z,150.85,154.3,150.39,153.96,62889770
NSE:TATASTEEL,2024-08-20T00:00:00.000000Z,155.7,155.7,152.8,153.93,37559016
NSE:TATASTEEL,2024-08-21T00:00:00.000000Z,153.0,154.18,151.77,151.92,49749381
NSE:TATASTEEL,2024-08-22T00:00:00.000000Z,152.51,154.35,152.51,154.14,36719176
NSE:TATASTEEL,2024-08-23T00:00:00.000000Z,154.0,154.39,152.55,154.2,31490857
NSE:TATASTEEL,2024-08-26T00:00:00.000000Z,154.61,156.4,153.7,155.7,32497603
NSE:TATASTEEL,2024-08-27T00:00:00.000000Z,155.8,156.5,154.6,154.7,24523684
NSE:TATASTEEL,2024-08-28T00:00:00.000000Z,154.7,155.0,153.05,153.7,25195197
NSE:TATASTEEL,2024-08-29T00:00:00.000000Z,153.21,153.56,151.2,152.97,44452983
NSE:TATASTEEL,2024-08-30T00:00:00.000000Z,153.0,155.25,152.47,152.76,55134023
NSE:TATASTEEL,2024-09-02T00:00:00.000000Z,153.9,153.9,152.14,152.88,19200143
NSE:TATASTEEL,2024-09-03T00:00:00.000000Z,152.84,153.45,152.01,152.15,19780066
NSE:TATASTEEL,2024-09-04T00:00:00.000000Z,149.5,152.18,149.16,151.18,39613696
NSE:TATASTEEL,2024-09-05T00:00:00.000000Z,151.0,152.79,151.0,151.72,28347324
NSE:TATASTEEL,2024-09-06T00:00:00.000000Z,151.94,152.9,149.65,151.22,30709532
NSE:TATASTEEL,2024-09-09T00:00:00.000000Z,150.9,150.9,148.05,149.47,32624586
NSE:TATASTEEL,2024-09-10T00:00:00.000000Z,150.5,151.59,148.81,149.42,41607844
NSE:TATASTEEL,2024-09-11T00:00:00.000000Z,149.9,150.2,147.62,148.17,24633287
NSE:TATASTEEL,2024-09-12T00:00:00.000000Z,152.0,152.44,148.75,151.74,73191476
NSE:TATASTEEL,2024-09-13T00:00:00.000000Z,152.78,155.4,152.5,153.49,54894255
NSE:TATASTEEL,2024-09-16T00:00:00.000000Z,155.0,155.66,153.5,154.21,32575460
NSE:TATASTEEL,2024-09-17T00:00:00.000000Z,154.0,154.24,152.27,152.82,18275113
NSE:TATASTEEL,2024-09-18T00:00:00.000000Z,152.4,152.98,149.61,150.6,24856345
NSE:TATASTEEL,2024-09-19T00:00:00.000000Z,151.89,152.19,147.79,149.54,36913781
NSE:TATASTEEL,2024-09-20T00:00:00.000000Z,151.0,153.34,150.65,152.02,53873369
NSE:TATASTEEL,2024-09-23T00:00:00.000000Z,154.38,154.39,152.8,153.99,33281905
NSE:TATASTEEL,2024-09-24T00:00:00.000000Z,155.15,161.5,154.85,160.53,137414352
NSE:TATASTEEL,2024-09-25T00:00:00.000000Z,161.5,162.69,159.52,161.66,58044967
NSE:TATASTEEL,2024-09-26T00:00:00.000000Z,162.0,165.9,160.48,165.61,88661662
NSE:TATASTEEL,2024-09-27T00:00:00.000000Z,167.0,169.01,165.89,166.55,72795668
NSE:TATASTEEL,2024-09-30T00:00:00.000000Z,167.5,170.18,167.26,168.55,92381529
NSE:TATASTEEL,2024-10-01T00:00:00.000000Z,169.49,169.49,165.1,167.03,50761579
NSE:TATASTEEL,2024-10-03T00:00:00.000000Z,165.5,169.99,164.52,166.98,75959797
NSE:TATASTEEL,2024-10-04T00:00:00.000000Z,167.0,169.1,164.0,166.75,53880875
NSE:TATASTEEL,2024-10-07T00:00:00.000000Z,167.1,167.95,162.33,164.36,48775098
NSE:TATASTEEL,2024-10-08T00:00:00.000000Z,163.0,163.59,156.7,159.52,74956764
NSE:TATASTEEL,2024-10-09T00:00:00.000000Z,159.52,162.2,158.11,159.06,42766218
NSE:TATASTEEL,2024-10-10T00:00:00.000000Z,158.3,161.18,156.6,159.72,46507936
NSE:TATASTEEL,2024-10-11T00:00:00.000000Z,159.3,163.78,159.2,160.66,53263433
NSE:TATASTEEL,2024-10-14T00:00:00.000000Z,161.88,163.38,158.04,158.32,35566857
NSE:TATASTEEL,2024-10-15T00:00:00.000000Z,159.5,159.53,155.05,155.63,38964393
NSE:TATASTEEL,2024-10-16T00:00:00.000000Z,155.19,156.55,154.02,155.24,28518262
NSE:TATASTEEL,2024-10-17T00:00:00.000000Z,155.65,156.3,152.1,152.4,28404223
NSE:TATASTEEL,2024-10-18T00:00:00.000000Z,152.4,156.2,151.1,155.39,34750795
NSE:TATASTEEL,2024-10-21T00:00:00.000000Z,156.1,157.93,154.59,155.03,25799090
NSE:TATASTEEL,2024-10-22T00:00:00.000000Z,154.9,154.9,150.1,150.39,39079846
NSE:TATASTEEL,2024-10-23T00:00:00.000000Z,150.3,151.95,148.05,148.78,42107893
NSE:TATASTEEL,2024-10-24T00:00:00.000000Z,149.49,149.83,148.01,148.98,22115070
NSE:TATASTEEL,2024-10-25T00:00:00.000000Z,149.0,149.5,144.43,145.86,39730802
NSE:TATASTEEL,2024-10-28T00:00:00.000000Z,146.0,149.73,144.73,149.38,28386897
NSE:TATASTEEL,2024-10-29T00:00:00.000000Z,149.85,150.45,146.55,150.06,32258407
NSE:TATASTEEL,2024-10-30T00:00:00.000000Z,148.1,150.95,148.1,148.97,21362130
NSE:TATASTEEL,2024-10-31T00:00:00.000000Z,149.08,149.95,148.2,148.56,26383702
NSE:TATASTEEL,2024-11-01T00:00:00.000000Z,149.66,150.25,149.0,149.75,5106804
NSE:TATASTEEL,2024-11-04T00:00:00.000000Z,150.0,150.0,145.1,146.95,25571021
NSE:TATASTEEL,2024-11-05T00:00:00.000000Z,147.0,152.55,146.95,152.29,42772283
NSE:TATASTEEL,2024-11-06T00:00:00.000000Z,154.0,154.95,149.59,153.62,48928986
NSE:TATASTEEL,2024-11-07T00:00:00.000000Z,156.11,156.92,150.2,150.95,88254789
NSE:TATASTEEL,2024-11-08T00:00:00.000000Z,152.0,152.0,146.94,147.57,61980989
NSE:TATASTEEL,2024-11-11T00:00:00.000000Z,147.57,147.69,144.1,145.01,47497863
NSE:TATASTEEL,2024-11-12T00:00:00.000000Z,145.65,147.13,143.6,144.17,28861672
NSE:TATASTEEL,2024-11-13T00:00:00.000000Z,143.6,143.6,138.6,139.17,57609083
NSE:TATASTEEL,2024-11-14T00:00:00.000000Z,139.71,140.73,137.5,137.98,36345184
NSE:TATASTEEL,2024-11-18T00:00:00.000000Z,139.49,143.25,138.0,141.21,40233848
NSE:TATASTEEL,2024-11-19T00:00:00.000000Z,142.0,142.49,139.06,139.46,37611903
NSE:TATASTEEL,2024-11-21T00:00:00.000000Z,139.5,141.6,137.25,140.22,58398744
NSE:TATASTEEL,2024-11-22T00:00:00.000000Z,140.15,143.19,139.65,142.78,43710169
NSE:TATASTEEL,2024-11-25T00:00:00.000000Z,144.94,146.15,142.84,143.67,53883890
NSE:TATASTEEL,2024-11-26T00:00:00.000000Z,144.22,145.8,143.58,144.47,25608469
NSE:TATASTEEL,2024-11-27T00:00:00.000000Z,144.31,144.9,142.9,144.53,24895631
NSE:TATASTEEL,2024-11-28T00:00:00.000000Z,144.0,145.25,143.09,143.39,30947861
NSE:TATASTEEL,2024-11-29T00:00:00.000000Z,143.9,145.49,143.05,144.54,29742979
NSE:TATASTEEL,2024-12-02T00:00:00.000000Z,144.11,146.83,143.14,146.41,23840351
NSE:TATASTEEL,2024-12-03T00:00:00.000000Z,146.75,148.2,146.34,146.54,35527228
NSE:TATASTEEL,2024-12-04T00:00:00.000000Z,147.0,147.05,144.0,145.85,38537808
NSE:TATASTEEL,2024-12-05T00:00:00.000000Z,146.5,147.88,144.8,147.07,36328245
NSE:TATASTEEL,2024-12-06T00:00:00.000000Z,147.5,148.68,146.6,148.29,30604899
NSE:TATASTEEL,2024-12-09T00:00:00.000000Z,148.29,150.67,146.63,149.88,39059139
NSE:TATASTEEL,2024-12-10T00:00:00.000000Z,150.19,152.5,149.31,150.32,36278104
NSE:TATASTEEL,2024-12-11T00:00:00.000000Z,150.59,152.11,150.06,150.6,20499709
NSE:TATASTEEL,2024-12-12T00:00:00.000000Z,150.87,151.63,148.7,150.78,25761723
NSE:TATASTEEL,2024-12-13T00:00:00.000000Z,150.0,150.05,145.55,148.95,39701388
NSE:TATASTEEL,2024-12-16T00:00:00.000000Z,148.94,149.8,147.1,147.79,22634773
NSE:TATASTEEL,2024-12-17T00:00:00.000000Z,147.79,148.5,145.33,145.68,27110781
NSE:TATASTEEL,2024-12-18T00:00:00.000000Z,146.0,146.9,143.3,144.46,19850229
NSE:TATASTEEL,2024-12-19T00:00:00.000000Z,141.55,143.8,141.1,143.26,27104579
NSE:TATASTEEL,2024-12-20T00:00:00.000000Z,142.89,144.4,140.0,140.68,46503449
NSE:TATASTEEL,2024-12-23T00:00:00.000000Z,142.45,143.8,140.61,141.71,27514178
NSE:TATASTEEL,2024-12-24T00:00:00.000000Z,141.2,141.5,139.25,140.38,25882917
NSE:TATASTEEL,2024-12-26T00:00:00.000000Z,140.95,141.15,139.51,140.36,23939932
NSE:TATASTEEL,2024-12-27T00:00:00.000000Z,140.7,141.75,138.61,138.91,19562177
NSE:TATASTEEL,2024-12-30T00:00:00.000000Z,138.91,139.25,136.09,136.88,32555723
NSE:TATASTEEL,2024-12-31T00:00:00.000000Z,136.87,138.68,136.56,138.05,20080291
NSE:TATASTEEL,2025-01-01T00:00:00.000000Z,138.1,138.45,136.58,136.74,18169498
NSE:TATASTEEL,2025-01-02T00:00:00.000000Z,137.0,138.45,136.4,138.18,23388424
NSE:TATASTEEL,2025-01-03T00:00:00.000000Z,138.18,139.73,137.84,138.36,23351832
NSE:TATASTEEL,2025-01-06T00:00:00.000000Z,138.36,138.39,131.35,132.18,44620509
NSE:TATASTEEL,2025-01-07T00:00:00.000000Z,132.78,133.88,132.01,133.38,24239451
NSE:TATASTEEL,2025-01-08T00:00:00.000000Z,133.93,134.24,131.77,132.64,31570331
NSE:TATASTEEL,2025-01-09T00:00:00.000000Z,132.0,132.4,129.7,129.93,31903107
NSE:TATASTEEL,2025-01-10T00:00:00.000000Z,129.93,130.39,126.7,127.43,34855510
NSE:TATASTEEL,2025-01-13T00:00:00.000000Z,126.0,126.5,122.62,122.93,38968332
NSE:TATASTEEL,2025-01-14T00:00:00.000000Z,122.94,127.64,122.94,126.93,36877365
NSE:TATASTEEL,2025-01-15T00:00:00.000000Z,128.0,128.31,125.78,126.53,18773125
NSE:TATASTEEL,2025-01-16T00:00:00.000000Z,128.0,128.47,126.56,127.81,22164393
NSE:TATASTEEL,2025-01-17T00:00:00.000000Z,127.9,131.16,127.64,130.28,27421959
NSE:TATASTEEL,2025-01-20T00:00:00.000000Z,130.99,132.1,128.91,131.66,20571916
NSE:TATASTEEL,2025-01-21T00:00:00.000000Z,132.06,132.4,129.25,129.7,32238213
NSE:TATASTEEL,2025-01-22T00:00:00.000000Z,130.25,130.35,127.12,128.92,27505569
NSE:TATASTEEL,2025-01-23T00:00:00.000000Z,127.85,130.75,127.7,130.37,20722538
NSE:TATASTEEL,2025-01-24T00:00:00.000000Z,130.5,133.2,129.31,129.74,37092106
NSE:TATASTEEL,2025-01-27T00:00:00.000000Z,129.02,129.45,125.74,126.37,24650571
NSE:TATASTEEL,2025-01-28T00:00:00.000000Z,126.37,130.49,124.74,128.62,40373804
NSE:TATASTEEL,2025-01-29T00:00:00.000000Z,129.0,131.34,128.55,130.8,16674706
NSE:TATASTEEL,2025-01-30T00:00:00.000000Z,130.8,132.15,130.1,131.12,25256096
NSE:TATASTEEL,2025-01-31T00:00:00.000000Z,131.12,135.0,129.93,134.62,26689228
NSE:TATASTEEL,2025-02-01T00:00:00.000000Z,135.0,135.5,130.25,132.97,21173846
NSE:TATASTEEL,2025-02-03T00:00:00.000000Z,131.29,132.51,127.81,131.82,27765357
NSE:TATASTEEL,2025-02-04T00:00:00.000000Z,132.8,134.34,131.87,133.42,25032519
NSE:TATASTEEL,2025-02-05T00:00:00.000000Z,133.15,135.39,133.08,134.4,16958362
NSE:TATASTEEL,2025-02-06T00:00:00.000000Z,134.5,134.87,132.02,132.54,22408168
NSE:TATASTEEL,2025-02-07T00:00:00.000000Z,133.3,138.75,132.56,138.31,52950146
NSE:TATASTEEL,2025-02-10T00:00:00.000000Z,138.1,138.1,133.0,134.04,26120805
NSE:TATASTEEL,2025-02-11T00:00:00.000000Z,133.0,134.34,129.7,130.11,23635428
NSE:TATASTEEL,2025-02-12T00:00:00.000000Z,129.35,133.29,128.31,132.28,37927696
NSE:TATASTEEL,2025-02-13T00:00:00.000000Z,132.28,137.69,131.86,136.25,52036196
NSE:TATASTEEL,2025-02-14T00:00:00.000000Z,136.25,139.25,133.33,134.47,41469242
NSE:TATASTEEL,2025-02-17T00:00:00.000000Z,132.91,134.8,130.73,134.29,21189637
NSE:TATASTEEL,2025-02-18T00:00:00.000000Z,134.29,134.9,131.75,134.54,23957576
NSE:TATASTEEL,2025-02-19T00:00:00.000000Z,134.5,136.88,133.03,135.76,18447487
NSE:TATASTEEL,2025-02-20T00:00:00.000000Z,135.27,138.36,135.0,138.04,24139808
NSE:TATASTEEL,2025-02-21T00:00:00.000000Z,137.91,141.6,137.15,140.76,41987785
NSE:TATASTEEL,2025-02-24T00:00:00.000000Z,138.81,140.66,136.66,137.65,25193205
NSE:TATASTEEL,2025-02-25T00:00:00.000000Z,138.49,139.35,136.7,137.07,23575603
NSE:TATASTEEL,2025-02-27T00:00:00.000000Z,137.21,138.99,135.88,138.69,30747044
NSE:TATASTEEL,2025-02-28T00:00:00.000000Z,137.8,137.8,134.06,137.2,45540594
NSE:TATASTEEL,2025-03-03T00:00:00.000000Z,137.0,139.05,134.31,138.57,31154401
NSE:TATASTEEL,2025-03-04T00:00:00.000000Z,136.15,140.94,135.81,139.34,28634645
NSE:TATASTEEL,2025-03-05T00:00:00.000000Z,139.0,146.49,139.0,146.1,62109377
NSE:TATASTEEL,2025-03-06T00:00:00.000000Z,146.79,152.2,146.2,150.44,79121467
NSE:TATASTEEL,2025-03-07T00:00:00.000000Z,149.74,152.45,149.27,151.56,81821791
NSE:TATASTEEL,2025-03-10T00:00:00.000000Z,151.56,154.24,150.41,151.05,54450331
NSE:TATASTEEL,2025-03-11T00:00:00.000000Z,148.1,151.7,148.0,150.75,35916900
NSE:TATASTEEL,2025-03-12T00:00:00.000000Z,151.0,152.28,147.7,150.3,26377549
NSE:TATASTEEL,2025-03-13T00:00:00.000000Z,152.0,153.56,150.02,150.88,48286431
NSE:TATASTEEL,2025-03-17T00:00:00.000000Z,151.99,152.64,150.9,151.81,35879780
NSE:TATASTEEL,2025-03-18T00:00:00.000000Z,151.81,151.81,151.81,151.81,0
NSE:TATASTEEL,2025-03-19T00:00:00.000000Z,156.8,159.2,156.5,158.6,66161413
NSE:TATASTEEL,2025-03-20T00:00:00.000000Z,160.0,160.1,156.65,159.04,39889517
NSE:TATASTEEL,2025-03-21T00:00:00.000000Z,159.03,159.75,156.82,157.28,49184821
NSE:TATASTEEL,2025-03-24T00:00:00.000000Z,158.0,159.0,157.11,158.42,30905773
NSE:TATASTEEL,2025-03-25T00:00:00.000000Z,159.0,159.0,156.05,156.73,28467187
NSE:TATASTEEL,2025-03-26T00:00:00.000000Z,156.2,157.54,155.01,155.81,23182869
NSE:TATASTEEL,2025-03-27T00:00:00.000000Z,154.8,156.1,154.2,155.42,25909068
NSE:TATASTEEL,2025-03-28T00:00:00.000000Z,155.38,156.91,153.37,154.24,24589315
NSE:TATASTEEL,2025-04-01T00:00:00.000000Z,152.07,155.34,152.07,153.12,29142122
NSE:TATASTEEL,2025-04-02T00:00:00.000000Z,154.0,156.25,152.27,154.69,24977582
NSE:TATASTEEL,2025-04-03T00:00:00.000000Z,153.0,155.97,152.6,153.62,15117526
NSE:TATASTEEL,2025-04-04T00:00:00.000000Z,152.62,152.99,140.0,140.39,80846143
NSE:TATASTEEL,2025-04-07T00:00:00.000000Z,128.0,130.35,125.33,129.48,121806340
NSE:TATASTEEL,2025-04-08T00:00:00.000000Z,134.89,136.2,128.02,130.28,68999181
NSE:TATASTEEL,2025-04-09T00:00:00.000000Z,130.0,130.0,125.3,127.18,73399980
NSE:TATASTEEL,2025-04-11T00:00:00.000000Z,134.67,134.7,130.49,133.42,73706472
NSE:TATASTEEL,2025-04-15T00:00:00.000000Z,135.6,137.0,134.84,136.41,38967608
NSE:TATASTEEL,2025-04-16T00:00:00.000000Z,136.41,137.6,134.62,136.97,42684087
NSE:TATASTEEL,2025-04-17T00:00:00.000000Z,134.4,137.96,133.7,137.14,62282856
NSE:TATASTEEL,2025-04-21T00:00:00.000000Z,137.65,140.3,137.05,139.18,26503486
NSE:TATASTEEL,2025-04-22T00:00:00.000000Z,142.0,142.84,137.7,138.16,58429662
NSE:TATASTEEL,2025-04-23T00:00:00.000000Z,139.39,141.5,137.32,141.16,37851304
NSE:TATASTEEL,2025-04-24T00:00:00.000000Z,140.7,141.88,140.28,141.52,23061444
NSE:TATASTEEL,2025-04-25T00:00:00.000000Z,142.0,143.45,138.02,138.85,37764696
NSE:TATASTEEL,2025-04-28T00:00:00.000000Z,138.54,142.6,138.38,142.07,26971589
NSE:TATASTEEL,2025-04-29T00:00:00.000000Z,142.07,143.3,140.92,141.5,25758449
NSE:TATASTEEL,2025-04-30T00:00:00.000000Z,141.45,141.56,138.0,140.08,29205042
NSE:TATASTEEL,2025-05-02T00:00:00.000000Z,140.0,143.1,139.45,141.4,29588258
NSE:TATASTEEL,2025-05-05T00:00:00.000000Z,141.57,142.7,141.2,142.08,17213477
NSE:TATASTEEL,2025-05-06T00:00:00.000000Z,142.08,145.4,141.54,144.44,42658262
NSE:TATASTEEL,2025-05-07T00:00:00.000000Z,142.2,146.95,142.2,146.0,34674594
NSE:TATASTEEL,2025-05-08T00:00:00.000000Z,146.0,146.66,142.85,143.67,29687927
NSE:TATASTEEL,2025-05-09T00:00:00.000000Z,140.99,143.27,140.51,142.78,21875453
NSE:TATASTEEL,2025-05-12T00:00:00.000000Z,145.61,151.95,144.5,151.63,47087413
NSE:TATASTEEL,2025-05-13T00:00:00.000000Z,152.0,152.99,149.01,149.43,54389876
NSE:TATASTEEL,2025-05-14T00:00:00.000000Z,151.0,157.15,151.0,155.31,60002060
NSE:TATASTEEL,2025-05-15T00:00:00.000000Z,155.5,157.84,154.3,157.35,57066105
NSE:TATASTEEL,2025-05-16T00:00:00.000000Z,157.35,158.15,157.0,157.55,22884754
NSE:TATASTEEL,2025-05-19T00:00:00.000000Z,158.0,158.14,156.13,157.57,21839582
NSE:TATASTEEL,2025-05-20T00:00:00.000000Z,158.35,162.1,158.0,158.69,58061639
NSE:TATASTEEL,2025-05-21T00:00:00.000000Z,159.45,161.85,158.53,161.64,36044599
NSE:TATASTEEL,2025-05-22T00:00:00.000000Z,160.98,163.6,160.36,161.29,60715453
NSE:TATASTEEL,2025-05-23T00:00:00.000000Z,161.6,163.53,161.5,162.97,29483665
NSE:TATASTEEL,2025-05-26T00:00:00.000000Z,163.1,165.55,162.05,162.51,25581584
NSE:TATASTEEL,2025-05-27T00:00:00.000000Z,162.51,163.9,160.62,161.66,23296776
NSE:TATASTEEL,2025-05-28T00:00:00.000000Z,162.4,162.69,160.65,161.24,13044476
NSE:TATASTEEL,2025-05-29T00:00:00.000000Z,162.19,163.95,161.5,163.12,26455081
NSE:TATASTEEL,2025-05-30T00:00:00.000000Z,163.11,163.89,160.51,161.02,32739340
NSE:TATASTEEL,2025-06-02T00:00:00.000000Z,159.0,160.12,157.3,159.04,31365564
NSE:TATASTEEL,2025-06-03T00:00:00.000000Z,159.04,160.65,157.17,157.35,28398746
NSE:TATASTEEL,2025-06-04T00:00:00.000000Z,157.5,158.98,156.81,158.18,16660138
NSE:TATASTEEL,2025-06-05T00:00:00.000000Z,158.86,159.09,157.05,157.97,23708504
NSE:TATASTEEL,2025-06-06T00:00:00.000000Z,155.7,157.88,154.25,157.49,25804151
NSE:TATASTEEL,2025-06-09T00:00:00.000000Z,157.69,158.2,156.82,157.32,15315437
NSE:TATASTEEL,2025-06-10T00:00:00.000000Z,158.0,159.3,155.5,155.68,22764080
NSE:TATASTEEL,2025-06-11T00:00:00.000000Z,156.45,157.53,155.31,156.41,17605668
NSE:TATASTEEL,2025-06-12T00:00:00.000000Z,156.0,156.26,151.85,152.89,27846151
NSE:TATASTEEL,2025-06-13T00:00:00.000000Z,149.8,152.5,149.8,152.13,24277592
NSE:TATASTEEL,2025-06-16T00:00:00.000000Z,152.01,154.5,150.84,154.17,16188193
NSE:TATASTEEL,2025-06-17T00:00:00.000000Z,153.81,154.89,152.35,152.6,16740382
NSE:TATASTEEL,2025-06-18T00:00:00.000000Z,152.2,153.2,150.8,152.11,14860746
NSE:TATASTEEL,2025-06-19T00:00:00.000000Z,152.0,152.45,150.5,151.0,20145922
NSE:TATASTEEL,2025-06-20T00:00:00.000000Z,150.75,153.17,150.63,151.97,29944714
NSE:TATASTEEL,2025-06-23T00:00:00.000000Z,150.5,153.3,150.48,152.43,17096676
NSE:TATASTEEL,2025-06-24T00:00:00.000000Z,153.8,156.97,153.64,154.79,25403324
NSE:TATASTEEL,2025-06-25T00:00:00.000000Z,155.9,156.9,155.51,156.39,18240433
NSE:TATASTEEL,2025-06-26T00:00:00.000000Z,156.87,161.1,156.45,160.54,40650557
NSE:TATASTEEL,2025-06-27T00:00:00.000000Z,161.0,163.3,160.7,161.45,31989509
NSE:TATASTEEL,2025-06-30T00:00:00.000000Z,160.99,162.2,159.5,159.76,15842285
NSE:TATASTEEL,2025-07-01T00:00:00.000000Z,160.01,160.44,157.73,160.06,17823415
NSE:TATASTEEL,2025-07-02T00:00:00.000000Z,160.06,166.15,159.83,165.88,63315210
NSE:TATASTEEL,2025-07-03T00:00:00.000000Z,166.0,168.78,165.21,165.91,60571824
NSE:TATASTEEL,2025-07-04T00:00:00.000000Z,165.91,166.49,162.0,163.01,22938753
NSE:TATASTEEL,2025-07-07T00:00:00.000000Z,163.0,163.35,160.05,162.4,17469909
NSE:TATASTEEL,2025-07-08T00:00:00.000000Z,162.45,162.9,161.6,161.97,11398248
NSE:TATASTEEL,2025-07-09T00:00:00.000000Z,161.95,161.95,157.51,159.0,29839077
NSE:TATASTEEL,2025-07-10T00:00:00.000000Z,160.0,161.55,159.28,160.66,17566887
NSE:TATASTEEL,2025-07-11T00:00:00.000000Z,160.64,161.62,159.32,159.84,20689511
NSE:TATASTEEL,2025-07-14T00:00:00.000000Z,159.84,161.12,159.3,160.44,15152964
NSE:TATASTEEL,2025-07-15T00:00:00.000000Z,160.26,160.85,157.95,159.0,17993051
NSE:TATASTEEL,2025-07-16T00:00:00.000000Z,159.0,159.27,157.0,157.33,14591157
NSE:TATASTEEL,2025-07-17T00:00:00.000000Z,157.5,160.7,157.12,159.9,21733241
NSE:TATASTEEL,2025-07-18T00:00:00.000000Z,160.1,162.75,160.1,162.37,30728478
NSE:TATASTEEL,2025-07-21T00:00:00.000000Z,162.5,165.6,162.49,163.02,29812899
NSE:TATASTEEL,2025-07-22T00:00:00.000000Z,163.3,164.41,162.73,163.04,13615524
NSE:TATASTEEL,2025-07-23T00:00:00.000000Z,163.25,164.14,161.88,162.77,14287149
NSE:TATASTEEL,2025-07-24T00:00:00.000000Z,163.0,164.75,162.81,163.48,14377270
NSE:TATASTEEL,2025-07-25T00:00:00.000000Z,163.5,163.59,161.05,161.43,12443495
NSE:TATASTEEL,2025-07-28T00:00:00.000000Z,161.23,162.29,159.09,159.68,19296285
NSE:TATASTEEL,2025-07-29T00:00:00.000000Z,158.2,162.45,158.2,161.69,15262937
NSE:TATASTEEL,2025-07-30T00:00:00.000000Z,161.69,162.79,161.05,161.36,16083106
NSE:TATASTEEL,2025-07-31T00:00:00.000000Z,161.0,162.13,156.56,157.94,26213891
NSE:TATASTEEL,2025-08-01T00:00:00.000000Z,157.93,157.93,152.51,153.01,23927359
NSE:TATASTEEL,2025-08-04T00:00:00.000000Z,153.5,159.92,153.5,159.56,30064719
NSE:TATASTEEL,2025-08-05T00:00:00.000000Z,159.56,160.14,158.28,159.62,14441034
NSE:TATASTEEL,2025-08-06T00:00:00.000000Z,159.62,159.8,157.8,158.66,13438851
NSE:TATASTEEL,2025-08-07T00:00:00.000000Z,157.15,160.0,156.26,159.67,23159540
NSE:TATASTEEL,2025-08-08T00:00:00.000000Z,159.5,159.95,157.01,157.95,11951173
NSE:TATASTEEL,2025-08-11T00:00:00.000000Z,157.95,160.0,157.15,158.52,14325736
NSE:TATASTEEL,2025-08-12T00:00:00.000000Z,158.52,161.65,158.5,160.16,20056598
NSE:TATASTEEL,2025-08-13T00:00:00.000000Z,160.96,162.4,159.9,160.18,18079396
NSE:TATASTEEL,2025-08-14T00:00:00.000000Z,160.02,160.6,154.83,155.3,47256126
NSE:TATASTEEL,2025-08-18T00:00:00.000000Z,158.0,159.0,156.0,157.96,61022494
NSE:TATASTEEL,2025-08-19T00:00:00.000000Z,158.5,159.46,156.76,159.23,21224239
NSE:TATASTEEL,2025-08-20T00:00:00.000000Z,158.2,162.76,158.03,161.92,28520245
NSE:TATASTEEL,2025-08-21T00:00:00.000000Z,161.92,162.54,161.19,161.51,17282594
NSE:TATASTEEL,2025-08-22T00:00:00.000000Z,161.25,161.28,158.1,158.55,16063984
NSE:TATASTEEL,2025-08-25T00:00:00.000000Z,159.2,160.33,158.64,159.63,16376542
NSE:TATASTEEL,2025-08-26T00:00:00.000000Z,159.16,159.16,154.64,155.03,19621100
NSE:TATASTEEL,2025-08-27T00:00:00.000000Z,155.03,155.03,155.03,155.03,0
NSE:TATASTEEL,2025-08-28T00:00:00.000000Z,155.78,155.87,153.16,153.63,22269875
NSE:TATASTEEL,2025-08-29T00:00:00.000000Z,154.5,155.1,153.05,154.48,16971859
NSE:TATASTEEL,2025-09-01T00:00:00.000000Z,154.48,156.36,153.7,156.17,10798622
NSE:TATASTEEL,2025-09-02T00:00:00.000000Z,156.17,159.07,155.5,158.39,21202113
NSE:TATASTEEL,2025-09-03T00:00:00.000000Z,158.4,168.0,158.4,167.85,82352014
NSE:TATASTEEL,2025-09-04T00:00:00.000000Z,169.0,169.3,166.62,166.81,26316842
NSE:TATASTEEL,2025-09-05T00:00:00.000000Z,167.0,168.0,165.94,167.68,16798170
NSE:TATASTEEL,2025-09-08T00:00:00.000000Z,170.0,172.5,168.46,168.82,36402317
NSE:TATASTEEL,2025-09-09T00:00:00.000000Z,169.3,169.72,167.99,169.15,14028910
NSE:TATASTEEL,2025-09-10T00:00:00.000000Z,169.19,170.73,168.75,169.43,13128306
NSE:TATASTEEL,2025-09-11T00:00:00.000000Z,169.35,170.9,168.46,169.41,13829526
NSE:TATASTEEL,2025-09-12T00:00:00.000000Z,169.6,171.0,168.63,169.78,12119036
NSE:TATASTEEL,2025-09-15T00:00:00.000000Z,169.77,170.2,168.63,169.23,10611401
NSE:TATASTEEL,2025-09-16T00:00:00.000000Z,169.39,172.27,169.02,172.02,26629438
NSE:TATASTEEL,2025-09-17T00:00:00.000000Z,172.5,172.9,169.35,171.36,21381306
NSE:TATASTEEL,2025-09-18T00:00:00.000000Z,171.46,172.2,169.81,172.03,16413388
NSE:TATASTEEL,2025-09-19T00:00:00.000000Z,172.1,172.67,170.6,171.48,25406461
NSE:TATASTEEL,2025-09-22T00:00:00.000000Z,170.8,172.21,170.51,171.39,20970704
NSE:TATASTEEL,2025-09-23T00:00:00.000000Z,171.45,173.81,171.2,173.29,24533561
NSE:TATASTEEL,2025-09-24T00:00:00.000000Z,173.16,174.44,172.38,172.66,20168891
NSE:TATASTEEL,2025-09-25T00:00:00.000000Z,172.9,173.85,171.86,172.38,17026549
NSE:TATASTEEL,2025-09-26T00:00:00.000000Z,172.22,173.37,167.2,167.4,20157657
NSE:TATASTEEL,2025-09-29T00:00:00.000000Z,167.6,170.28,167.56,168.98,16832342
NSE:TATASTEEL,2025-09-30T00:00:00.000000Z,169.5,170.15,168.41,168.77,24553596
NSE:TATASTEEL,2025-10-01T00:00:00.000000Z,169.0,169.74,166.13,167.51,17542776
